College,Degree,Regulation,Branch,Specialization,Semester,Subject Code,Subject Name,Subject Type,Credits,Theory/Lab,Is Compulsory,Is Elective,Elective Group,Credit Source,Credit Status,Verification Status,Source URL,Source Document,Notes
Raghu Engineering College,B.Tech,AR23,CSE,Core Computer Science,1,23BS101,Linear Algebra & Calculus,COMPULSORY_THEORY,3.0,Theory,True,False,,official_course_structure,confirmed,official_verified,https://www.raghuenggcollege.com/cse-dept/cse-course-structure/,23BS101-LINEAR ALGEBRA & CALCULUS.pdf,
Raghu Engineering College,B.Tech,AR23,CSE,Core Computer Science,1,23BS104,Applied Chemistry,COMPULSORY_THEORY,3.0,Theory,True,False,,official_course_structure,confirmed,official_verified,https://www.raghuenggcollege.com/cse-dept/cse-course-structure/,23BS104-APPLIED CHEMISTRY.pdf,
Raghu Engineering College,B.Tech,AR23,CSE,Core Computer Science,1,23HS101,Communicative English,COMPULSORY_THEORY,3.0,Theory,True,False,,official_course_structure,confirmed,official_verified,https://www.raghuenggcollege.com/cse-dept/cse-course-structure/,23HS101-COMMUNICATIVE ENGLISH.pdf,
Raghu Engineering College,B.Tech,AR23,CSE,Core Computer Science,1,23ES104,Basic Electrical & Electronics Engineering,COMPULSORY_THEORY,3.0,Theory,True,False,,official_course_structure,confirmed,official_verified,https://www.raghuenggcollege.com/cse-dept/cse-course-structure/,23ES104-BEEE.pdf,
Raghu Engineering College,B.Tech,AR23,CSE,Core Computer Science,1,23ES103,Introduction to Programming,COMPULSORY_THEORY,3.0,Theory,True,False,,official_course_structure,confirmed,official_verified,https://www.raghuenggcollege.com/cse-dept/cse-course-structure/,23ES103-INTRODUCTION TO PROGRAMMING.pdf,
Raghu Engineering College,B.Tech,AR23,CSE,Core Computer Science,1,23ES203,Computer Programming Lab,COMPULSORY_LAB,1.5,Lab,True,False,,official_course_structure,confirmed,official_verified,https://www.raghuenggcollege.com/cse-dept/cse-course-structure/,23ES203-C PROGRAMMING LAB.pdf,
Raghu Engineering College,B.Tech,AR23,CSE,Core Computer Science,1,23BS202,Applied Chemistry Lab,COMPULSORY_LAB,1.5,Lab,True,False,,official_course_structure,confirmed,official_verified,https://www.raghuenggcollege.com/cse-dept/cse-course-structure/,23BS202-APPLIED CHEMISTRY LAB.pdf,
Raghu Engineering College,B.Tech,AR23,CSE,Core Computer Science,1,23ES204,Electrical & Electronics Engineering Workshop,COMPULSORY_LAB,1.5,Lab,True,False,,official_course_structure,confirmed,official_verified,https://www.raghuenggcollege.com/cse-dept/cse-course-structure/,23ES204-EEE-WS.pdf,
Raghu Engineering College,B.Tech,AR23,CSE,Core Computer Science,1,23ES202,IT Workshop,COMPULSORY_LAB,1.5,Lab,True,False,,official_course_structure,confirmed,official_verified,https://www.raghuenggcollege.com/cse-dept/cse-course-structure/,23ES202- IT WORKSHOP LAB.pdf,
Raghu Engineering College,B.Tech,AR23,CSE,Core Computer Science,1,23HS02,NSS/NCC/Scouts & Guides/Community Service,SKILL_COURSE,0.5,Skill,True,False,,official_course_structure,confirmed,official_verified,https://www.raghuenggcollege.com/cse-dept/cse-course-structure/,23HS02-NCC-NSS.pdf,
Raghu Engineering College,B.Tech,AR23,CSE,Core Computer Science,2,23BS102,Differential Equations & Vector Calculus,COMPULSORY_THEORY,3.0,Theory,True,False,,official_course_structure,confirmed,official_verified,https://www.raghuenggcollege.com/cse-dept/cse-course-structure/,23BS102-DIFFERENTIAL EQUATIONS.pdf,
Raghu Engineering College,B.Tech,AR23,CSE,Core Computer Science,2,23BS103,Engineering Physics,COMPULSORY_THEORY,3.0,Theory,True,False,,official_course_structure,confirmed,official_verified,https://www.raghuenggcollege.com/cse-dept/cse-course-structure/,23BS103-ENGINEERING PHYSICS.pdf,
Raghu Engineering College,B.Tech,AR23,CSE,Core Computer Science,2,2305101,Data Structures,COMPULSORY_THEORY,3.0,Theory,True,False,,official_course_structure,confirmed,official_verified,https://www.raghuenggcollege.com/cse-dept/cse-course-structure/,2305101-DATA STRUCTURES.pdf,
Raghu Engineering College,B.Tech,AR23,CSE,Core Computer Science,2,23ES101,Basic Civil & Mechanical Engineering,COMPULSORY_THEORY,3.0,Theory,True,False,,official_course_structure,confirmed,official_verified,https://www.raghuenggcollege.com/cse-dept/cse-course-structure/,23ES101-BCME.pdf,
Raghu Engineering College,B.Tech,AR23,CSE,Core Computer Science,2,23ES102,Engineering Graphics,COMPULSORY_THEORY,3.0,Theory,True,False,,official_course_structure,confirmed,official_verified,https://www.raghuenggcollege.com/cse-dept/cse-course-structure/,23ES102-ENGINEERING GRAPHICS.pdf,
Raghu Engineering College,B.Tech,AR23,CSE,Core Computer Science,2,23HS201,Communicative English Lab,COMPULSORY_LAB,1.5,Lab,True,False,,official_course_structure,confirmed,official_verified,https://www.raghuenggcollege.com/cse-dept/cse-course-structure/,23HS201-COMMUNICATIVE ENGLISH LAB.pdf,
Raghu Engineering College,B.Tech,AR23,CSE,Core Computer Science,2,23BS201,Engineering Physics Lab,COMPULSORY_LAB,1.5,Lab,True,False,,official_course_structure,confirmed,official_verified,https://www.raghuenggcollege.com/cse-dept/cse-course-structure/,23BS201-ENGINEERING PHYSICS LAB.pdf,
Raghu Engineering College,B.Tech,AR23,CSE,Core Computer Science,2,23ES201,Engineering Workshop,COMPULSORY_LAB,1.5,Lab,True,False,,official_course_structure,confirmed,official_verified,https://www.raghuenggcollege.com/cse-dept/cse-course-structure/,23ES201-ENGG WORKSHOP.pdf,
Raghu Engineering College,B.Tech,AR23,CSE,Core Computer Science,2,2305201,Data Structures Lab,COMPULSORY_LAB,1.5,Lab,True,False,,official_course_structure,confirmed,official_verified,https://www.raghuenggcollege.com/cse-dept/cse-course-structure/,2305201-DATA STRUCTURES LAB.pdf,
Raghu Engineering College,B.Tech,AR23,CSE,Core Computer Science,2,23HS01,"Health and Wellness, Yoga & Sports",SKILL_COURSE,0.5,Skill,True,False,,official_course_structure,confirmed,official_verified,https://www.raghuenggcollege.com/cse-dept/cse-course-structure/,23HS01-HEALTH-WELLNESS.pdf,
Raghu Engineering College,B.Tech,AR23,CSE,Core Computer Science,3,23BS110,Discrete Mathematics & Graph Theory,COMPULSORY_THEORY,3.0,Theory,True,False,,official_course_structure,confirmed,official_verified,https://www.raghuenggcollege.com/cse-dept/cse-course-structure/,23BS110-DISCRETE MATHEMATICS.pdf,
Raghu Engineering College,B.Tech,AR23,CSE,Core Computer Science,3,23BS115,Universal Human Values - Understanding Harmony,COMPULSORY_THEORY,3.0,Theory,True,False,,official_course_structure,confirmed,official_verified,https://www.raghuenggcollege.com/cse-dept/cse-course-structure/,23BS115-UHV.pdf,
Raghu Engineering College,B.Tech,AR23,CSE,Core Computer Science,3,23ES111,Digital Logic & Computer Organization,COMPULSORY_THEORY,3.0,Theory,True,False,,official_course_structure,confirmed,official_verified,https://www.raghuenggcollege.com/cse-dept/cse-course-structure/,23ES111-Digital Logic.pdf,
Raghu Engineering College,B.Tech,AR23,CSE,Core Computer Science,3,2305102,Advanced Data Structures & Algorithm Analysis,COMPULSORY_THEORY,3.0,Theory,True,False,,official_course_structure,confirmed,official_verified,https://www.raghuenggcollege.com/cse-dept/cse-course-structure/,2305102-ADS.pdf,
Raghu Engineering College,B.Tech,AR23,CSE,Core Computer Science,3,2305103,Object Oriented Programming through Java,COMPULSORY_THEORY,3.0,Theory,True,False,,official_course_structure,confirmed,official_verified,https://www.raghuenggcollege.com/cse-dept/cse-course-structure/,2305103-JAVA.pdf,
Raghu Engineering College,B.Tech,AR23,CSE,Core Computer Science,3,23ES209,FOSS Lab,COMPULSORY_LAB,1.5,Lab,True,False,,official_course_structure,confirmed,official_verified,https://www.raghuenggcollege.com/cse-dept/cse-course-structure/,23ES209-FOSS Lab.pdf,
Raghu Engineering College,B.Tech,AR23,CSE,Core Computer Science,3,2305202,Advanced Data Structures Lab,COMPULSORY_LAB,1.5,Lab,True,False,,official_course_structure,confirmed,official_verified,https://www.raghuenggcollege.com/cse-dept/cse-course-structure/,2305202-ADS Lab.pdf,
Raghu Engineering College,B.Tech,AR23,CSE,Core Computer Science,3,2305203,Java Programming Lab,COMPULSORY_LAB,1.5,Lab,True,False,,official_course_structure,confirmed,official_verified,https://www.raghuenggcollege.com/cse-dept/cse-course-structure/,2305203-Java Lab.pdf,
Raghu Engineering College,B.Tech,AR23,CSE,Core Computer Science,3,2305501,Python Programming (EDx),SKILL_COURSE,2.0,Skill,True,False,,official_course_structure,confirmed,official_verified,https://www.raghuenggcollege.com/cse-dept/cse-course-structure/,2305501-Python Programming.pdf,
Raghu Engineering College,B.Tech,AR23,CSE,Core Computer Science,4,23HM101,Managerial Economics & Financial Accountancy,COMPULSORY_THEORY,3.0,Theory,True,False,,official_course_structure,confirmed,official_verified,https://www.raghuenggcollege.com/cse-dept/cse-course-structure/,23HM101-MEFA.pdf,
Raghu Engineering College,B.Tech,AR23,CSE,Core Computer Science,4,23BS112,Probability & Statistics,COMPULSORY_THEORY,3.0,Theory,True,False,,official_course_structure,confirmed,official_verified,https://www.raghuenggcollege.com/cse-dept/cse-course-structure/,23BS112-PROBABILITY.pdf,
Raghu Engineering College,B.Tech,AR23,CSE,Core Computer Science,4,2305104,Theory of Computation,COMPULSORY_THEORY,3.0,Theory,True,False,,official_course_structure,confirmed,official_verified,https://www.raghuenggcollege.com/cse-dept/cse-course-structure/,2305104-TOC.pdf,
Raghu Engineering College,B.Tech,AR23,CSE,Core Computer Science,4,2305105,Database Management Systems,COMPULSORY_THEORY,3.0,Theory,True,False,,official_course_structure,confirmed,official_verified,https://www.raghuenggcollege.com/cse-dept/cse-course-structure/,2305105-DBMS.pdf,
Raghu Engineering College,B.Tech,AR23,CSE,Core Computer Science,4,2305106,Operating Systems,COMPULSORY_THEORY,3.0,Theory,True,False,,official_course_structure,confirmed,official_verified,https://www.raghuenggcollege.com/cse-dept/cse-course-structure/,2305106-OS.pdf,
Raghu Engineering College,B.Tech,AR23,CSE,Core Computer Science,4,2305204,R Programming Lab,COMPULSORY_LAB,1.5,Lab,True,False,,official_course_structure,confirmed,official_verified,https://www.raghuenggcollege.com/cse-dept/cse-course-structure/,2305204-R.pdf,
Raghu Engineering College,B.Tech,AR23,CSE,Core Computer Science,4,2305205,Database Management Systems Lab,COMPULSORY_LAB,1.5,Lab,True,False,,official_course_structure,confirmed,official_verified,https://www.raghuenggcollege.com/cse-dept/cse-course-structure/,2305205-DBMS Lab.pdf,
Raghu Engineering College,B.Tech,AR23,CSE,Core Computer Science,4,2305206,Operating Systems Lab,COMPULSORY_LAB,1.5,Lab,True,False,,official_course_structure,confirmed,official_verified,https://www.raghuenggcollege.com/cse-dept/cse-course-structure/,2305206-OS Lab.pdf,
Raghu Engineering College,B.Tech,AR23,CSE,Core Computer Science,4,2305502,Applications of Python - NumPy & Pandas (EDx),SKILL_COURSE,2.0,Skill,True,False,,official_course_structure,confirmed,official_verified,https://www.raghuenggcollege.com/cse-dept/cse-course-structure/,2305502-Python Pandas.pdf,
Raghu Engineering College,B.Tech,AR23,CSE,Core Computer Science,4,20ES205,Design Thinking & Innovation,COMPULSORY_THEORY,1.5,Theory,True,False,,official_course_structure,confirmed,official_verified,https://www.raghuenggcollege.com/cse-dept/cse-course-structure/,20ES205-Design Thinking.pdf,
Raghu Engineering College,B.Tech,AR23,CSE,Core Computer Science,4,23MC601,Environmental Science,AUDIT_COURSE,0.0,Audit,False,False,,official_course_structure,confirmed,official_verified,https://www.raghuenggcollege.com/cse-dept/cse-course-structure/,23MC601-Environmental.pdf,Zero credit mandatory audit course
Raghu Engineering College,B.Tech,AR23,CSE,Core Computer Science,5,2305107,Compiler Design,COMPULSORY_THEORY,3.0,Theory,True,False,,official_course_structure,confirmed,official_verified,https://www.raghuenggcollege.com/cse-dept/cse-course-structure/,AR23-Compiler-Design.pdf,
Raghu Engineering College,B.Tech,AR23,CSE,Core Computer Science,5,2305108,Computer Networks,COMPULSORY_THEORY,3.0,Theory,True,False,,official_course_structure,confirmed,official_verified,https://www.raghuenggcollege.com/cse-dept/cse-course-structure/,AR23-Computer-Networks.pdf,
Raghu Engineering College,B.Tech,AR23,CSE,Core Computer Science,5,2305109,Distributed Computing,COMPULSORY_THEORY,3.0,Theory,True,False,,official_course_structure,confirmed,official_verified,https://www.raghuenggcollege.com/cse-dept/cse-course-structure/,AR23-DISTRIBUTED-COMPUTING.pdf,
Raghu Engineering College,B.Tech,AR23,CSE,Core Computer Science,5,2305207,Compiler Design Lab,COMPULSORY_LAB,1.5,Lab,True,False,,official_course_structure,confirmed,official_verified,https://www.raghuenggcollege.com/cse-dept/cse-course-structure/,AR23-COMPILER-DESIGN-LAB.pdf,
Raghu Engineering College,B.Tech,AR23,CSE,Core Computer Science,5,2305208,Computer Networks Lab,COMPULSORY_LAB,1.5,Lab,True,False,,official_course_structure,confirmed,official_verified,https://www.raghuenggcollege.com/cse-dept/cse-course-structure/,AR23-COMPUTER-NETWORKS-LAB.pdf,
Raghu Engineering College,B.Tech,AR23,CSE,Core Computer Science,5,2305503,AWS Cloud Practitioner / Full Stack Web Dev-I,SKILL_COURSE,2.0,Skill,True,False,,official_course_structure,confirmed,official_verified,https://www.raghuenggcollege.com/cse-dept/cse-course-structure/,AR23-AWS-CLOUD-PRACTIONER-LAB.pdf,
Raghu Engineering College,B.Tech,AR23,CSE,Core Computer Science,5,23ES206,Tinkering Lab,COMPULSORY_LAB,1.5,Lab,True,False,,official_course_structure,confirmed,official_verified,https://www.raghuenggcollege.com/cse-dept/cse-course-structure/,AR23-Tinkering-Lab.pdf,
Raghu Engineering College,B.Tech,AR23,CSE,Core Computer Science,5,2305301,Software Engineering,PROFESSIONAL_ELECTIVE,3.0,Theory,False,True,Professional Elective I,official_course_structure,confirmed,official_verified,https://www.raghuenggcollege.com/cse-dept/cse-course-structure/,AR23-Software-Engineering.pdf,
Raghu Engineering College,B.Tech,AR23,CSE,Core Computer Science,5,2305302,Advanced Operating Systems,PROFESSIONAL_ELECTIVE,3.0,Theory,False,True,Professional Elective I,official_course_structure,confirmed,official_verified,https://www.raghuenggcollege.com/cse-dept/cse-course-structure/,AR23-ADVANCED-OPERATING-SYSTEMS.pdf,
Raghu Engineering College,B.Tech,AR23,CSE,Core Computer Science,5,2305303,Artificial Intelligence,PROFESSIONAL_ELECTIVE,3.0,Theory,False,True,Professional Elective I,official_course_structure,confirmed,official_verified,https://www.raghuenggcollege.com/cse-dept/cse-course-structure/,AR23-ARTIFICIAL-INTELLIGENCE.pdf,
Raghu Engineering College,B.Tech,AR23,CSE,Core Computer Science,5,2305304,Object Oriented Analysis & Design,PROFESSIONAL_ELECTIVE,3.0,Theory,False,True,Professional Elective I,official_course_structure,confirmed,official_verified,https://www.raghuenggcollege.com/cse-dept/cse-course-structure/,AR23-OOAD.pdf,
Raghu Engineering College,B.Tech,AR23,CSE,Core Computer Science,5,2305305,Human Computer Interaction,PROFESSIONAL_ELECTIVE,3.0,Theory,False,True,Professional Elective I,official_course_structure,confirmed,official_verified,https://www.raghuenggcollege.com/cse-dept/cse-course-structure/,AR23-HCI.pdf,
Raghu Engineering College,B.Tech,AR23,CSE,Core Computer Science,6,2305110,Cloud Computing,COMPULSORY_THEORY,3.0,Theory,True,False,,official_course_structure,confirmed,official_verified,https://www.raghuenggcollege.com/cse-dept/cse-course-structure/,Cloud-Computing.pdf,
Raghu Engineering College,B.Tech,AR23,CSE,Core Computer Science,6,2305111,Machine Learning,COMPULSORY_THEORY,3.0,Theory,True,False,,official_course_structure,confirmed,official_verified,https://www.raghuenggcollege.com/cse-dept/cse-course-structure/,MACHINE-LEARNING.pdf,
Raghu Engineering College,B.Tech,AR23,CSE,Core Computer Science,6,2305112,Cryptography & Network Security,COMPULSORY_THEORY,3.0,Theory,True,False,,official_course_structure,confirmed,official_verified,https://www.raghuenggcollege.com/cse-dept/cse-course-structure/,CRYPTOGRAPHY-NETWORK-SECURITY.pdf,
Raghu Engineering College,B.Tech,AR23,CSE,Core Computer Science,6,2305209,Machine Learning Lab,COMPULSORY_LAB,1.5,Lab,True,False,,official_course_structure,confirmed,official_verified,https://www.raghuenggcollege.com/cse-dept/cse-course-structure/,MACHINE-LEARNING-LAB.pdf,
Raghu Engineering College,B.Tech,AR23,CSE,Core Computer Science,6,2305210,Cryptography & Network Security Lab,COMPULSORY_LAB,1.5,Lab,True,False,,official_course_structure,confirmed,official_verified,https://www.raghuenggcollege.com/cse-dept/cse-course-structure/,CRYPTOGRAPHY-LAB.pdf,
Raghu Engineering College,B.Tech,AR23,CSE,Core Computer Science,6,2305504,Full Stack Web Development - II,SKILL_COURSE,2.0,Skill,True,False,,official_course_structure,confirmed,official_verified,https://www.raghuenggcollege.com/cse-dept/cse-course-structure/,FullStack-II.pdf,
Raghu Engineering College,B.Tech,AR23,CSE,Core Computer Science,6,2305306,Web Services,PROFESSIONAL_ELECTIVE,3.0,Theory,False,True,Professional Elective II,official_course_structure,confirmed,official_verified,https://www.raghuenggcollege.com/cse-dept/cse-course-structure/,Web-Services.pdf,
Raghu Engineering College,B.Tech,AR23,CSE,Core Computer Science,6,2305307,Internet of Things,PROFESSIONAL_ELECTIVE,3.0,Theory,False,True,Professional Elective II,official_course_structure,confirmed,official_verified,https://www.raghuenggcollege.com/cse-dept/cse-course-structure/,Internet-of-Things.pdf,
Raghu Engineering College,B.Tech,AR23,CSE,Core Computer Science,6,2305308,Software Project Management,PROFESSIONAL_ELECTIVE,3.0,Theory,False,True,Professional Elective II,official_course_structure,confirmed,official_verified,https://www.raghuenggcollege.com/cse-dept/cse-course-structure/,Software-Project-Management.pdf,
Raghu Engineering College,B.Tech,AR23,CSE,Core Computer Science,6,2305309,Data Analytics & Visualization,PROFESSIONAL_ELECTIVE,3.0,Theory,False,True,Professional Elective II,official_course_structure,confirmed,official_verified,https://www.raghuenggcollege.com/cse-dept/cse-course-structure/,Data-Analytics.pdf,
Raghu Engineering College,B.Tech,AR23,CSE,Core Computer Science,6,23OE601,Renewable Energy Sources (EEE),OPEN_ELECTIVE,3.0,Theory,False,True,Open Elective I,official_course_structure,confirmed,official_verified,https://www.raghuenggcollege.com/cse-dept/cse-course-structure/,Open-Electives.pdf,
Raghu Engineering College,B.Tech,AR23,CSE,Core Computer Science,6,23OE602,Robotics & Automation (MECH),OPEN_ELECTIVE,3.0,Theory,False,True,Open Elective I,official_course_structure,confirmed,official_verified,https://www.raghuenggcollege.com/cse-dept/cse-course-structure/,Open-Electives.pdf,
Raghu Engineering College,B.Tech,AR23,CSE,Core Computer Science,6,23OE603,Air Pollution & Control (CIVIL),OPEN_ELECTIVE,3.0,Theory,False,True,Open Elective I,official_course_structure,confirmed,official_verified,https://www.raghuenggcollege.com/cse-dept/cse-course-structure/,Open-Electives.pdf,
Raghu Engineering College,B.Tech,AR23,CSE,Core Computer Science,7,2305113,Deep Learning & Neural Architectures,COMPULSORY_THEORY,3.0,Theory,True,False,,official_course_structure,confirmed,official_verified,https://www.raghuenggcollege.com/cse-dept/cse-course-structure/,Deep-Learning.pdf,
Raghu Engineering College,B.Tech,AR23,CSE,Core Computer Science,7,2305114,Big Data Analytics,COMPULSORY_THEORY,3.0,Theory,True,False,,official_course_structure,confirmed,official_verified,https://www.raghuenggcollege.com/cse-dept/cse-course-structure/,Big-Data.pdf,
Raghu Engineering College,B.Tech,AR23,CSE,Core Computer Science,7,2305211,Deep Learning Lab,COMPULSORY_LAB,1.5,Lab,True,False,,official_course_structure,confirmed,official_verified,https://www.raghuenggcollege.com/cse-dept/cse-course-structure/,DL-Lab.pdf,
Raghu Engineering College,B.Tech,AR23,CSE,Core Computer Science,7,2305801,Project Work Phase I / Industrial Internship,PROJECT,3.0,Project,True,False,,official_course_structure,confirmed,official_verified,https://www.raghuenggcollege.com/cse-dept/cse-course-structure/,Project-Phase-I.pdf,
Raghu Engineering College,B.Tech,AR23,CSE,Core Computer Science,7,2305310,DevOps & Continuous Integration,PROFESSIONAL_ELECTIVE,3.0,Theory,False,True,Professional Elective III,official_course_structure,confirmed,official_verified,https://www.raghuenggcollege.com/cse-dept/cse-course-structure/,DevOps.pdf,
Raghu Engineering College,B.Tech,AR23,CSE,Core Computer Science,7,2305311,Blockchain Architecture & Web3,PROFESSIONAL_ELECTIVE,3.0,Theory,False,True,Professional Elective III,official_course_structure,confirmed,official_verified,https://www.raghuenggcollege.com/cse-dept/cse-course-structure/,Blockchain.pdf,
Raghu Engineering College,B.Tech,AR23,CSE,Core Computer Science,7,2305312,Quantum Computing Fundamentals,PROFESSIONAL_ELECTIVE,3.0,Theory,False,True,Professional Elective III,official_course_structure,confirmed,official_verified,https://www.raghuenggcollege.com/cse-dept/cse-course-structure/,Quantum.pdf,
Raghu Engineering College,B.Tech,AR23,CSE,Core Computer Science,7,23OE701,Disaster Management & Safety,OPEN_ELECTIVE,3.0,Theory,False,True,Open Elective II,official_course_structure,confirmed,official_verified,https://www.raghuenggcollege.com/cse-dept/cse-course-structure/,Open-Electives.pdf,
Raghu Engineering College,B.Tech,AR23,CSE,Core Computer Science,7,23OE702,Electric Vehicle Technology (EEE),OPEN_ELECTIVE,3.0,Theory,False,True,Open Elective II,official_course_structure,confirmed,official_verified,https://www.raghuenggcollege.com/cse-dept/cse-course-structure/,Open-Electives.pdf,
Raghu Engineering College,B.Tech,AR23,CSE,Core Computer Science,8,2305802,Capstone Major Project Work Phase II & Internship,PROJECT,10.0,Project,True,False,,official_course_structure,confirmed,official_verified,https://www.raghuenggcollege.com/cse-dept/cse-course-structure/,Project-Phase-II.pdf,
Raghu Engineering College,B.Tech,AR23,CSE,Core Computer Science,8,2305803,Comprehensive Professional Viva Voce,COMPULSORY_THEORY,2.0,Theory,True,False,,official_course_structure,confirmed,official_verified,https://www.raghuenggcollege.com/cse-dept/cse-course-structure/,Comprehensive-Viva.pdf,
Raghu Engineering College,B.Tech,AR23,CSE,AI & ML,1,23HS101,Communicative English,COMPULSORY_THEORY,3.0,Theory,True,False,,official_course_structure,confirmed,official_verified,https://www.raghuenggcollege.com/cse-dept/cse-course-structure/,23HS101-COMMUNICATIVE ENGLISH.pdf,
Raghu Engineering College,B.Tech,AR23,CSE,AI & ML,1,23BS103,Engineering Physics,COMPULSORY_THEORY,3.0,Theory,True,False,,official_course_structure,confirmed,official_verified,https://www.raghuenggcollege.com/cse-dept/cse-course-structure/,23BS103-ENGINEERING PHYSICS.pdf,
Raghu Engineering College,B.Tech,AR23,CSE,AI & ML,1,23BS101,Linear Algebra & Calculus,COMPULSORY_THEORY,3.0,Theory,True,False,,official_course_structure,confirmed,official_verified,https://www.raghuenggcollege.com/cse-dept/cse-course-structure/,23BS101-LINEAR ALGEBRA & CALCULUS.pdf,
Raghu Engineering College,B.Tech,AR23,CSE,AI & ML,1,23ES101,Basic Civil & Mechanical Engineering,COMPULSORY_THEORY,3.0,Theory,True,False,,official_course_structure,confirmed,official_verified,https://www.raghuenggcollege.com/cse-dept/cse-course-structure/,23ES101-BCME.pdf,
Raghu Engineering College,B.Tech,AR23,CSE,AI & ML,1,23ES103,Introduction to Programming,COMPULSORY_THEORY,3.0,Theory,True,False,,official_course_structure,confirmed,official_verified,https://www.raghuenggcollege.com/cse-dept/cse-course-structure/,23ES103-INTRODUCTION TO PROGRAMMING.pdf,
Raghu Engineering College,B.Tech,AR23,CSE,AI & ML,1,23ES203,Computer Programming Lab,COMPULSORY_LAB,1.5,Lab,True,False,,official_course_structure,confirmed,official_verified,https://www.raghuenggcollege.com/cse-dept/cse-course-structure/,23ES203-C PROGRAMMING LAB.pdf,
Raghu Engineering College,B.Tech,AR23,CSE,AI & ML,1,23BS201,Engineering Physics Lab,COMPULSORY_LAB,1.5,Lab,True,False,,official_course_structure,confirmed,official_verified,https://www.raghuenggcollege.com/cse-dept/cse-course-structure/,23BS201-ENGINEERING PHYSICS LAB.pdf,
Raghu Engineering College,B.Tech,AR23,CSE,AI & ML,1,23ES201,Engineering Workshop,COMPULSORY_LAB,1.5,Lab,True,False,,official_course_structure,confirmed,official_verified,https://www.raghuenggcollege.com/cse-dept/cse-course-structure/,23ES201-ENGG WORKSHOP.pdf,
Raghu Engineering College,B.Tech,AR23,CSE,AI & ML,1,23ES202,IT Workshop,COMPULSORY_LAB,1.5,Lab,True,False,,official_course_structure,confirmed,official_verified,https://www.raghuenggcollege.com/cse-dept/cse-course-structure/,23ES202- IT WORKSHOP LAB.pdf,
Raghu Engineering College,B.Tech,AR23,CSE,AI & ML,1,23HS01,"Health and Wellness, Yoga & Sports",SKILL_COURSE,0.5,Skill,True,False,,official_course_structure,confirmed,official_verified,https://www.raghuenggcollege.com/cse-dept/cse-course-structure/,23HS01-HEALTH-WELLNESS.pdf,
Raghu Engineering College,B.Tech,AR23,CSE,AI & ML,2,23BS102,Differential Equations & Vector Calculus,COMPULSORY_THEORY,3.0,Theory,True,False,,official_course_structure,confirmed,official_verified,https://www.raghuenggcollege.com/cse-dept/cse-course-structure/,23BS102-DIFFERENTIAL EQUATIONS.pdf,
Raghu Engineering College,B.Tech,AR23,CSE,AI & ML,2,23BS104,Applied Chemistry,COMPULSORY_THEORY,3.0,Theory,True,False,,official_course_structure,confirmed,official_verified,https://www.raghuenggcollege.com/cse-dept/cse-course-structure/,23BS104-APPLIED CHEMISTRY.pdf,
Raghu Engineering College,B.Tech,AR23,CSE,AI & ML,2,2305101,Data Structures,COMPULSORY_THEORY,3.0,Theory,True,False,,official_course_structure,confirmed,official_verified,https://www.raghuenggcollege.com/cse-dept/cse-course-structure/,2305101-DATA STRUCTURES.pdf,
Raghu Engineering College,B.Tech,AR23,CSE,AI & ML,2,23ES104,Basic Electrical & Electronics Engineering,COMPULSORY_THEORY,3.0,Theory,True,False,,official_course_structure,confirmed,official_verified,https://www.raghuenggcollege.com/cse-dept/cse-course-structure/,23ES104-BEEE.pdf,
Raghu Engineering College,B.Tech,AR23,CSE,AI & ML,2,23ES102,Engineering Graphics,COMPULSORY_THEORY,3.0,Theory,True,False,,official_course_structure,confirmed,official_verified,https://www.raghuenggcollege.com/cse-dept/cse-course-structure/,23ES102-ENGINEERING GRAPHICS.pdf,
Raghu Engineering College,B.Tech,AR23,CSE,AI & ML,2,23HS201,Communicative English Lab,COMPULSORY_LAB,1.5,Lab,True,False,,official_course_structure,confirmed,official_verified,https://www.raghuenggcollege.com/cse-dept/cse-course-structure/,23HS201-COMMUNICATIVE ENGLISH LAB.pdf,
Raghu Engineering College,B.Tech,AR23,CSE,AI & ML,2,23BS202,Applied Chemistry Lab,COMPULSORY_LAB,1.5,Lab,True,False,,official_course_structure,confirmed,official_verified,https://www.raghuenggcollege.com/cse-dept/cse-course-structure/,23BS202-APPLIED CHEMISTRY LAB.pdf,
Raghu Engineering College,B.Tech,AR23,CSE,AI & ML,2,23ES204,Electrical & Electronics Engineering Workshop,COMPULSORY_LAB,1.5,Lab,True,False,,official_course_structure,confirmed,official_verified,https://www.raghuenggcollege.com/cse-dept/cse-course-structure/,23ES204-EEE-WS.pdf,
Raghu Engineering College,B.Tech,AR23,CSE,AI & ML,2,2305201,Data Structures Lab,COMPULSORY_LAB,1.5,Lab,True,False,,official_course_structure,confirmed,official_verified,https://www.raghuenggcollege.com/cse-dept/cse-course-structure/,2305201-DATA STRUCTURES LAB.pdf,
Raghu Engineering College,B.Tech,AR23,CSE,AI & ML,2,23HS02,NSS/NCC/Scouts & Guides/Community Service,SKILL_COURSE,0.5,Skill,True,False,,official_course_structure,confirmed,official_verified,https://www.raghuenggcollege.com/cse-dept/cse-course-structure/,23HS02-NCC-NSS.pdf,
Raghu Engineering College,B.Tech,AR23,CSE,AI & ML,3,23BS110,Discrete Mathematics & Graph Theory,COMPULSORY_THEORY,3.0,Theory,True,False,,official_course_structure,confirmed,official_verified,https://www.raghuenggcollege.com/cse-dept/cse-course-structure/,CSM-II-I-23BS110.pdf,
Raghu Engineering College,B.Tech,AR23,CSE,AI & ML,3,23BS115,Universal Human Values - Understanding Harmony,COMPULSORY_THEORY,3.0,Theory,True,False,,official_course_structure,confirmed,official_verified,https://www.raghuenggcollege.com/cse-dept/cse-course-structure/,CSM-II-I-23BS115.pdf,
Raghu Engineering College,B.Tech,AR23,CSE,AI & ML,3,23ES111,Digital Logic & Computer Organization,COMPULSORY_THEORY,3.0,Theory,True,False,,official_course_structure,confirmed,official_verified,https://www.raghuenggcollege.com/cse-dept/cse-course-structure/,CSM-II-I-23ES111.pdf,
Raghu Engineering College,B.Tech,AR23,CSE,AI & ML,3,2305102,Advanced Data Structures & Algorithm Analysis,COMPULSORY_THEORY,3.0,Theory,True,False,,official_course_structure,confirmed,official_verified,https://www.raghuenggcollege.com/cse-dept/cse-course-structure/,CSM-II-I-2305102.pdf,
Raghu Engineering College,B.Tech,AR23,CSE,AI & ML,3,2305103,Object Oriented Programming through Java,COMPULSORY_THEORY,3.0,Theory,True,False,,official_course_structure,confirmed,official_verified,https://www.raghuenggcollege.com/cse-dept/cse-course-structure/,CSM-II-I-2305103.pdf,
Raghu Engineering College,B.Tech,AR23,CSE,AI & ML,3,23ES210,Basic Web Design Lab,COMPULSORY_LAB,1.5,Lab,True,False,,official_course_structure,confirmed,official_verified,https://www.raghuenggcollege.com/cse-dept/cse-course-structure/,CSM-II-I-23ES210.pdf,
Raghu Engineering College,B.Tech,AR23,CSE,AI & ML,3,2305202,Advanced Data Structures Lab,COMPULSORY_LAB,1.5,Lab,True,False,,official_course_structure,confirmed,official_verified,https://www.raghuenggcollege.com/cse-dept/cse-course-structure/,CSM-II-I-2305202.pdf,
Raghu Engineering College,B.Tech,AR23,CSE,AI & ML,3,2305203,Java Programming Lab,COMPULSORY_LAB,1.5,Lab,True,False,,official_course_structure,confirmed,official_verified,https://www.raghuenggcollege.com/cse-dept/cse-course-structure/,CSM-II-I-2305203.pdf,
Raghu Engineering College,B.Tech,AR23,CSE,AI & ML,3,2342501,Python Programming (EDx),SKILL_COURSE,2.0,Skill,True,False,,official_course_structure,confirmed,official_verified,https://www.raghuenggcollege.com/cse-dept/cse-course-structure/,CSM-II-I-2342501.pdf,
Raghu Engineering College,B.Tech,AR23,CSE,AI & ML,3,23MC601,Environmental Science,AUDIT_COURSE,0.0,Audit,False,False,,official_course_structure,confirmed,official_verified,https://www.raghuenggcollege.com/cse-dept/cse-course-structure/,CSM-II-I-23MC601.pdf,Audit course
Raghu Engineering College,B.Tech,AR23,CSE,AI & ML,4,23HM101,Managerial Economics & Financial Accountancy,COMPULSORY_THEORY,3.0,Theory,True,False,,official_course_structure,confirmed,official_verified,https://www.raghuenggcollege.com/cse-dept/cse-course-structure/,CSM-II-II-23HM101.pdf,
Raghu Engineering College,B.Tech,AR23,CSE,AI & ML,4,23BS112,Probability & Statistics,COMPULSORY_THEORY,3.0,Theory,True,False,,official_course_structure,confirmed,official_verified,https://www.raghuenggcollege.com/cse-dept/cse-course-structure/,CSM-II-II-23BS112.pdf,
Raghu Engineering College,B.Tech,AR23,CSE,AI & ML,4,2305105,Database Management Systems,COMPULSORY_THEORY,3.0,Theory,True,False,,official_course_structure,confirmed,official_verified,https://www.raghuenggcollege.com/cse-dept/cse-course-structure/,CSM-II-II-2305105.pdf,
Raghu Engineering College,B.Tech,AR23,CSE,AI & ML,4,2342101,Automata & Compiler Design,COMPULSORY_THEORY,3.0,Theory,True,False,,official_course_structure,confirmed,official_verified,https://www.raghuenggcollege.com/cse-dept/cse-course-structure/,CSM-II-II-2342101.pdf,
Raghu Engineering College,B.Tech,AR23,CSE,AI & ML,4,2342102,Principles of Artificial Intelligence,COMPULSORY_THEORY,3.0,Theory,True,False,,official_course_structure,confirmed,official_verified,https://www.raghuenggcollege.com/cse-dept/cse-course-structure/,CSM-II-II-2342102.pdf,
Raghu Engineering College,B.Tech,AR23,CSE,AI & ML,4,2305205,Database Management Systems Lab,COMPULSORY_LAB,1.5,Lab,True,False,,official_course_structure,confirmed,official_verified,https://www.raghuenggcollege.com/cse-dept/cse-course-structure/,CSM-II-II-2305205.pdf,
Raghu Engineering College,B.Tech,AR23,CSE,AI & ML,4,2342201,Compiler Design Lab,COMPULSORY_LAB,1.5,Lab,True,False,,official_course_structure,confirmed,official_verified,https://www.raghuenggcollege.com/cse-dept/cse-course-structure/,CSM-II-II-2342201.pdf,
Raghu Engineering College,B.Tech,AR23,CSE,AI & ML,4,2342202,Principles of AI Lab,COMPULSORY_LAB,1.5,Lab,True,False,,official_course_structure,confirmed,official_verified,https://www.raghuenggcollege.com/cse-dept/cse-course-structure/,CSM-II-II-2342202.pdf,
Raghu Engineering College,B.Tech,AR23,CSE,AI & ML,4,2344501,R Programming Fundamentals,SKILL_COURSE,2.0,Skill,True,False,,official_course_structure,confirmed,official_verified,https://www.raghuenggcollege.com/cse-dept/cse-course-structure/,CSM-II-II-2344501.pdf,
Raghu Engineering College,B.Tech,AR23,CSE,AI & ML,4,20ES205,Design Thinking & Innovation,COMPULSORY_THEORY,1.5,Theory,True,False,,official_course_structure,confirmed,official_verified,https://www.raghuenggcollege.com/cse-dept/cse-course-structure/,CSM-II-II-20ES205.pdf,
Raghu Engineering College,B.Tech,AR23,CSE,AI & ML,5,2342103,Operating Systems,COMPULSORY_THEORY,3.0,Theory,True,False,,official_course_structure,confirmed,official_verified,https://www.raghuenggcollege.com/cse-dept/cse-course-structure/,2342103-Operating-System.pdf,
Raghu Engineering College,B.Tech,AR23,CSE,AI & ML,5,2342104,Introduction to Machine Learning,COMPULSORY_THEORY,3.0,Theory,True,False,,official_course_structure,confirmed,official_verified,https://www.raghuenggcollege.com/cse-dept/cse-course-structure/,2342104-Introduction-to-Machine-Learniing.pdf,
Raghu Engineering College,B.Tech,AR23,CSE,AI & ML,5,2342203,Operating Systems Lab,COMPULSORY_LAB,1.5,Lab,True,False,,official_course_structure,confirmed,official_verified,https://www.raghuenggcollege.com/cse-dept/cse-course-structure/,2342203-Operating-System-Lab.pdf,
Raghu Engineering College,B.Tech,AR23,CSE,AI & ML,5,2342204,Introduction to Machine Learning Lab,COMPULSORY_LAB,1.5,Lab,True,False,,official_course_structure,confirmed,official_verified,https://www.raghuenggcollege.com/cse-dept/cse-course-structure/,2342204-Int-Machine-Learning-Lab.pdf,
Raghu Engineering College,B.Tech,AR23,CSE,AI & ML,5,2342502,Full Stack Development - I,SKILL_COURSE,2.0,Skill,True,False,,official_course_structure,confirmed,official_verified,https://www.raghuenggcollege.com/cse-dept/cse-course-structure/,2342502-FullStack.pdf,
Raghu Engineering College,B.Tech,AR23,CSE,AI & ML,5,23ES206,Tinkering Lab,COMPULSORY_LAB,1.5,Lab,True,False,,official_course_structure,confirmed,official_verified,https://www.raghuenggcollege.com/cse-dept/cse-course-structure/,23ES206-Tinkering-Lab.pdf,
Raghu Engineering College,B.Tech,AR23,CSE,AI & ML,5,2342302,Software Engineering,PROFESSIONAL_ELECTIVE,3.0,Theory,False,True,Professional Elective I,official_course_structure,confirmed,official_verified,https://www.raghuenggcollege.com/cse-dept/cse-course-structure/,2342302-Software-Engineering.pdf,
Raghu Engineering College,B.Tech,AR23,CSE,AI & ML,5,2344302,Internet of Things,PROFESSIONAL_ELECTIVE,3.0,Theory,False,True,Professional Elective I,official_course_structure,confirmed,official_verified,https://www.raghuenggcollege.com/cse-dept/cse-course-structure/,2344302-Internet-of-Things.pdf,
Raghu Engineering College,B.Tech,AR23,CSE,AI & ML,5,2342303,Unified Modelling Language,PROFESSIONAL_ELECTIVE,3.0,Theory,False,True,Professional Elective I,official_course_structure,confirmed,official_verified,https://www.raghuenggcollege.com/cse-dept/cse-course-structure/,2342303-UML.pdf,
Raghu Engineering College,B.Tech,AR23,CSE,AI & ML,5,2344304,Software Project Management,PROFESSIONAL_ELECTIVE,3.0,Theory,False,True,Professional Elective I,official_course_structure,confirmed,official_verified,https://www.raghuenggcollege.com/cse-dept/cse-course-structure/,2344304-SPM.pdf,
Raghu Engineering College,B.Tech,AR23,CSE,AI & ML,5,2342304,Distributed Systems,PROFESSIONAL_ELECTIVE,3.0,Theory,False,True,Professional Elective I,official_course_structure,confirmed,official_verified,https://www.raghuenggcollege.com/cse-dept/cse-course-structure/,2342304-Distributed-Systems.pdf,
Raghu Engineering College,B.Tech,AR23,CSE,AI & ML,5,2342306,Introduction to Robotics,PROFESSIONAL_ELECTIVE,3.0,Theory,False,True,Professional Elective I,official_course_structure,confirmed,official_verified,https://www.raghuenggcollege.com/cse-dept/cse-course-structure/,2342306-Robotics.pdf,
Raghu Engineering College,B.Tech,AR23,CSE,AI & ML,6,2342105,Introduction to Deep Learning,COMPULSORY_THEORY,3.0,Theory,True,False,,official_course_structure,confirmed,official_verified,https://www.raghuenggcollege.com/cse-dept/cse-course-structure/,2342105-Deep-Learning.pdf,
Raghu Engineering College,B.Tech,AR23,CSE,AI & ML,6,2342106,Natural Language Processing,COMPULSORY_THEORY,3.0,Theory,True,False,,official_course_structure,confirmed,official_verified,https://www.raghuenggcollege.com/cse-dept/cse-course-structure/,2342106-NLP.pdf,
Raghu Engineering College,B.Tech,AR23,CSE,AI & ML,6,2342107,Data Mining & Data Warehousing,COMPULSORY_THEORY,3.0,Theory,True,False,,official_course_structure,confirmed,official_verified,https://www.raghuenggcollege.com/cse-dept/cse-course-structure/,2342107-Data-Mining.pdf,
Raghu Engineering College,B.Tech,AR23,CSE,AI & ML,6,2342205,Introduction to Deep Learning Lab,COMPULSORY_LAB,1.5,Lab,True,False,,official_course_structure,confirmed,official_verified,https://www.raghuenggcollege.com/cse-dept/cse-course-structure/,2342205-DL-Lab.pdf,
Raghu Engineering College,B.Tech,AR23,CSE,AI & ML,6,2342206,Natural Language Processing Lab,COMPULSORY_LAB,1.5,Lab,True,False,,official_course_structure,confirmed,official_verified,https://www.raghuenggcollege.com/cse-dept/cse-course-structure/,2342206-NLP-Lab.pdf,
Raghu Engineering College,B.Tech,AR23,CSE,AI & ML,6,2344502,Soft Skills & Corporate Readiness Lab,SKILL_COURSE,2.0,Skill,True,False,,official_course_structure,confirmed,official_verified,https://www.raghuenggcollege.com/cse-dept/cse-course-structure/,2344502-SoftSkills.pdf,
Raghu Engineering College,B.Tech,AR23,CSE,AI & ML,6,2344307,Reinforcement Learning,PROFESSIONAL_ELECTIVE,3.0,Theory,False,True,Professional Elective II,official_course_structure,confirmed,official_verified,https://www.raghuenggcollege.com/cse-dept/cse-course-structure/,2344307-RL.pdf,
Raghu Engineering College,B.Tech,AR23,CSE,AI & ML,6,2342307,Learning Analytics Tools,PROFESSIONAL_ELECTIVE,3.0,Theory,False,True,Professional Elective II,official_course_structure,confirmed,official_verified,https://www.raghuenggcollege.com/cse-dept/cse-course-structure/,2342307-Learning-Analytics.pdf,
Raghu Engineering College,B.Tech,AR23,CSE,AI & ML,6,2342308,Soft Computing,PROFESSIONAL_ELECTIVE,3.0,Theory,False,True,Professional Elective II,official_course_structure,confirmed,official_verified,https://www.raghuenggcollege.com/cse-dept/cse-course-structure/,2342308-Soft-Computing.pdf,
Raghu Engineering College,B.Tech,AR23,CSE,AI & ML,6,2342309,Business Intelligence & Analytics,PROFESSIONAL_ELECTIVE,3.0,Theory,False,True,Professional Elective II,official_course_structure,confirmed,official_verified,https://www.raghuenggcollege.com/cse-dept/cse-course-structure/,2342309-BI.pdf,
Raghu Engineering College,B.Tech,AR23,CSE,AI & ML,6,23OE601,Renewable Energy Sources (EEE),OPEN_ELECTIVE,3.0,Theory,False,True,Open Elective I,official_course_structure,confirmed,official_verified,https://www.raghuenggcollege.com/cse-dept/cse-course-structure/,Open-Electives.pdf,
Raghu Engineering College,B.Tech,AR23,CSE,AI & ML,6,23OE602,Robotics & Automation (MECH),OPEN_ELECTIVE,3.0,Theory,False,True,Open Elective I,official_course_structure,confirmed,official_verified,https://www.raghuenggcollege.com/cse-dept/cse-course-structure/,Open-Electives.pdf,
Raghu Engineering College,B.Tech,AR23,CSE,AI & ML,7,2342108,Computer Vision,COMPULSORY_THEORY,3.0,Theory,True,False,,official_course_structure,confirmed,official_verified,https://www.raghuenggcollege.com/cse-dept/cse-course-structure/,computer-vision.pdf,
Raghu Engineering College,B.Tech,AR23,CSE,AI & ML,7,2305108,Computer Networks,COMPULSORY_THEORY,3.0,Theory,True,False,,official_course_structure,confirmed,official_verified,https://www.raghuenggcollege.com/cse-dept/cse-course-structure/,computer-networks.pdf,
Raghu Engineering College,B.Tech,AR23,CSE,AI & ML,7,2342207,Computer Vision Lab,COMPULSORY_LAB,1.5,Lab,True,False,,official_course_structure,confirmed,official_verified,https://www.raghuenggcollege.com/cse-dept/cse-course-structure/,computer-vision-lab.pdf,
Raghu Engineering College,B.Tech,AR23,CSE,AI & ML,7,2305208,Computer Networks Lab,COMPULSORY_LAB,1.5,Lab,True,False,,official_course_structure,confirmed,official_verified,https://www.raghuenggcollege.com/cse-dept/cse-course-structure/,computer-networks-lab.pdf,
Raghu Engineering College,B.Tech,AR23,CSE,AI & ML,7,2342503,Generative AI & Prompt Engineering,SKILL_COURSE,2.0,Skill,True,False,,official_course_structure,confirmed,official_verified,https://www.raghuenggcollege.com/cse-dept/cse-course-structure/,generative-ai.pdf,
Raghu Engineering College,B.Tech,AR23,CSE,AI & ML,7,2342801,Major Project Work Phase I,PROJECT,3.0,Project,True,False,,official_course_structure,confirmed,official_verified,https://www.raghuenggcollege.com/cse-dept/cse-course-structure/,Project-Phase-I.pdf,
Raghu Engineering College,B.Tech,AR23,CSE,AI & ML,7,2342310,Predictive Analysis,PROFESSIONAL_ELECTIVE,3.0,Theory,False,True,Professional Elective III,official_course_structure,confirmed,official_verified,https://www.raghuenggcollege.com/cse-dept/cse-course-structure/,predictive-analysis.pdf,
Raghu Engineering College,B.Tech,AR23,CSE,AI & ML,7,2342311,Knowledge Representation & Reasoning,PROFESSIONAL_ELECTIVE,3.0,Theory,False,True,Professional Elective III,official_course_structure,confirmed,official_verified,https://www.raghuenggcollege.com/cse-dept/cse-course-structure/,knowledge-representation.pdf,
Raghu Engineering College,B.Tech,AR23,CSE,AI & ML,7,2342312,AI for Cyber Security,PROFESSIONAL_ELECTIVE,3.0,Theory,False,True,Professional Elective III,official_course_structure,confirmed,official_verified,https://www.raghuenggcollege.com/cse-dept/cse-course-structure/,ai-for-cyber-security.pdf,
Raghu Engineering College,B.Tech,AR23,CSE,AI & ML,7,2342313,Time Series Analysis & Forecasting,PROFESSIONAL_ELECTIVE,3.0,Theory,False,True,Professional Elective III,official_course_structure,confirmed,official_verified,https://www.raghuenggcollege.com/cse-dept/cse-course-structure/,time-series.pdf,
Raghu Engineering College,B.Tech,AR23,CSE,AI & ML,7,23OE701,Disaster Management & Safety,OPEN_ELECTIVE,3.0,Theory,False,True,Open Elective II,official_course_structure,confirmed,official_verified,https://www.raghuenggcollege.com/cse-dept/cse-course-structure/,Open-Electives.pdf,
Raghu Engineering College,B.Tech,AR23,CSE,AI & ML,8,2342802,Capstone Major Project Phase II & Industrial Viva,PROJECT,10.0,Project,True,False,,official_course_structure,confirmed,official_verified,https://www.raghuenggcollege.com/cse-dept/cse-course-structure/,Project-Phase-II.pdf,
Raghu Engineering College,B.Tech,AR23,CSE,AI & ML,8,2342803,Comprehensive Professional Viva Voce,COMPULSORY_THEORY,2.0,Theory,True,False,,official_course_structure,confirmed,official_verified,https://www.raghuenggcollege.com/cse-dept/cse-course-structure/,Comprehensive-Viva.pdf,
Raghu Engineering College,B.Tech,AR23,CSE,Data Science,1,23BS101,Linear Algebra & Calculus,COMPULSORY_THEORY,3.0,Theory,True,False,,official_course_structure,confirmed,official_verified,https://www.raghuenggcollege.com/cse-dept/cse-course-structure/,AR23-Curriculum.pdf,
Raghu Engineering College,B.Tech,AR23,CSE,Data Science,1,23BS104,Applied Chemistry,COMPULSORY_THEORY,3.0,Theory,True,False,,official_course_structure,confirmed,official_verified,https://www.raghuenggcollege.com/cse-dept/cse-course-structure/,AR23-Curriculum.pdf,
Raghu Engineering College,B.Tech,AR23,CSE,Data Science,1,23HS101,Communicative English,COMPULSORY_THEORY,3.0,Theory,True,False,,official_course_structure,confirmed,official_verified,https://www.raghuenggcollege.com/cse-dept/cse-course-structure/,AR23-Curriculum.pdf,
Raghu Engineering College,B.Tech,AR23,CSE,Data Science,1,23ES103,Introduction to Programming,COMPULSORY_THEORY,3.0,Theory,True,False,,official_course_structure,confirmed,official_verified,https://www.raghuenggcollege.com/cse-dept/cse-course-structure/,AR23-Curriculum.pdf,
Raghu Engineering College,B.Tech,AR23,CSE,Data Science,1,23ES104,Basic Electrical & Electronics Engineering,COMPULSORY_THEORY,3.0,Theory,True,False,,official_course_structure,confirmed,official_verified,https://www.raghuenggcollege.com/cse-dept/cse-course-structure/,AR23-Curriculum.pdf,
Raghu Engineering College,B.Tech,AR23,CSE,Data Science,1,23ES203,Programming Lab,COMPULSORY_LAB,1.5,Lab,True,False,,official_course_structure,confirmed,official_verified,https://www.raghuenggcollege.com/cse-dept/cse-course-structure/,AR23-Curriculum.pdf,
Raghu Engineering College,B.Tech,AR23,CSE,Data Science,1,23BS201,Physics/Chemistry Lab,COMPULSORY_LAB,1.5,Lab,True,False,,official_course_structure,confirmed,official_verified,https://www.raghuenggcollege.com/cse-dept/cse-course-structure/,AR23-Curriculum.pdf,
Raghu Engineering College,B.Tech,AR23,CSE,Data Science,1,23ES202,IT Workshop Lab,COMPULSORY_LAB,1.5,Lab,True,False,,official_course_structure,confirmed,official_verified,https://www.raghuenggcollege.com/cse-dept/cse-course-structure/,AR23-Curriculum.pdf,
Raghu Engineering College,B.Tech,AR23,CSE,Data Science,1,23HS01,"Health and Wellness, Yoga & Sports",SKILL_COURSE,0.5,Skill,True,False,,official_course_structure,confirmed,official_verified,https://www.raghuenggcollege.com/cse-dept/cse-course-structure/,AR23-Curriculum.pdf,
Raghu Engineering College,B.Tech,AR23,CSE,Data Science,2,23BS102,Differential Equations & Vector Calculus,COMPULSORY_THEORY,3.0,Theory,True,False,,official_course_structure,confirmed,official_verified,https://www.raghuenggcollege.com/cse-dept/cse-course-structure/,AR23-Curriculum.pdf,
Raghu Engineering College,B.Tech,AR23,CSE,Data Science,2,23BS103,Engineering Physics,COMPULSORY_THEORY,3.0,Theory,True,False,,official_course_structure,confirmed,official_verified,https://www.raghuenggcollege.com/cse-dept/cse-course-structure/,AR23-Curriculum.pdf,
Raghu Engineering College,B.Tech,AR23,CSE,Data Science,2,2305101,Data Structures,COMPULSORY_THEORY,3.0,Theory,True,False,,official_course_structure,confirmed,official_verified,https://www.raghuenggcollege.com/cse-dept/cse-course-structure/,AR23-Curriculum.pdf,
Raghu Engineering College,B.Tech,AR23,CSE,Data Science,2,23ES102,Engineering Graphics,COMPULSORY_THEORY,3.0,Theory,True,False,,official_course_structure,confirmed,official_verified,https://www.raghuenggcollege.com/cse-dept/cse-course-structure/,AR23-Curriculum.pdf,
Raghu Engineering College,B.Tech,AR23,CSE,Data Science,2,23ES101,Basic Civil & Mechanical Engineering,COMPULSORY_THEORY,3.0,Theory,True,False,,official_course_structure,confirmed,official_verified,https://www.raghuenggcollege.com/cse-dept/cse-course-structure/,AR23-Curriculum.pdf,
Raghu Engineering College,B.Tech,AR23,CSE,Data Science,2,23HS201,Communicative English Lab,COMPULSORY_LAB,1.5,Lab,True,False,,official_course_structure,confirmed,official_verified,https://www.raghuenggcollege.com/cse-dept/cse-course-structure/,AR23-Curriculum.pdf,
Raghu Engineering College,B.Tech,AR23,CSE,Data Science,2,2305201,Data Structures Lab,COMPULSORY_LAB,1.5,Lab,True,False,,official_course_structure,confirmed,official_verified,https://www.raghuenggcollege.com/cse-dept/cse-course-structure/,AR23-Curriculum.pdf,
Raghu Engineering College,B.Tech,AR23,CSE,Data Science,2,23ES204,Electrical & Electronics Workshop,COMPULSORY_LAB,1.5,Lab,True,False,,official_course_structure,confirmed,official_verified,https://www.raghuenggcollege.com/cse-dept/cse-course-structure/,AR23-Curriculum.pdf,
Raghu Engineering College,B.Tech,AR23,CSE,Data Science,2,23HS02,NSS/NCC/Community Service,SKILL_COURSE,0.5,Skill,True,False,,official_course_structure,confirmed,official_verified,https://www.raghuenggcollege.com/cse-dept/cse-course-structure/,AR23-Curriculum.pdf,
Raghu Engineering College,B.Tech,AR23,CSE,Data Science,3,23BS110,Discrete Mathematics & Graph Theory,COMPULSORY_THEORY,3.0,Theory,True,False,,official_course_structure,confirmed,official_verified,https://www.raghuenggcollege.com/cse-dept/cse-course-structure/,AR23-Curriculum.pdf,
Raghu Engineering College,B.Tech,AR23,CSE,Data Science,3,23BS115,Universal Human Values - Harmony,COMPULSORY_THEORY,3.0,Theory,True,False,,official_course_structure,confirmed,official_verified,https://www.raghuenggcollege.com/cse-dept/cse-course-structure/,AR23-Curriculum.pdf,
Raghu Engineering College,B.Tech,AR23,CSE,Data Science,3,23DS102,Data Science Core Architecture & Foundations,COMPULSORY_THEORY,3.0,Theory,True,False,,official_course_structure,confirmed,official_verified,https://www.raghuenggcollege.com/cse-dept/cse-course-structure/,AR23-Curriculum.pdf,
Raghu Engineering College,B.Tech,AR23,CSE,Data Science,3,23DS103,Object Oriented Systems & CSE Design,COMPULSORY_THEORY,3.0,Theory,True,False,,official_course_structure,confirmed,official_verified,https://www.raghuenggcollege.com/cse-dept/cse-course-structure/,AR23-Curriculum.pdf,
Raghu Engineering College,B.Tech,AR23,CSE,Data Science,3,23DS202,Data Science Advanced Lab,COMPULSORY_LAB,1.5,Lab,True,False,,official_course_structure,confirmed,official_verified,https://www.raghuenggcollege.com/cse-dept/cse-course-structure/,AR23-Curriculum.pdf,
Raghu Engineering College,B.Tech,AR23,CSE,Data Science,3,23DS203,CSE Systems Practical Lab,COMPULSORY_LAB,1.5,Lab,True,False,,official_course_structure,confirmed,official_verified,https://www.raghuenggcollege.com/cse-dept/cse-course-structure/,AR23-Curriculum.pdf,
Raghu Engineering College,B.Tech,AR23,CSE,Data Science,3,23DS501,CSE Skill Course (Python/MATLAB/C++),SKILL_COURSE,2.0,Skill,True,False,,official_course_structure,confirmed,official_verified,https://www.raghuenggcollege.com/cse-dept/cse-course-structure/,AR23-Curriculum.pdf,
Raghu Engineering College,B.Tech,AR23,CSE,Data Science,4,23HM101,Managerial Economics & Financial Accountancy,COMPULSORY_THEORY,3.0,Theory,True,False,,official_course_structure,confirmed,official_verified,https://www.raghuenggcollege.com/cse-dept/cse-course-structure/,AR23-Curriculum.pdf,
Raghu Engineering College,B.Tech,AR23,CSE,Data Science,4,23BS112,Probability & Applied Statistics,COMPULSORY_THEORY,3.0,Theory,True,False,,official_course_structure,confirmed,official_verified,https://www.raghuenggcollege.com/cse-dept/cse-course-structure/,AR23-Curriculum.pdf,
Raghu Engineering College,B.Tech,AR23,CSE,Data Science,4,23DS104,Data Science Core Principles,COMPULSORY_THEORY,3.0,Theory,True,False,,official_course_structure,confirmed,official_verified,https://www.raghuenggcollege.com/cse-dept/cse-course-structure/,AR23-Curriculum.pdf,
Raghu Engineering College,B.Tech,AR23,CSE,Data Science,4,23DS105,CSE Advanced Analysis & Modeling,COMPULSORY_THEORY,3.0,Theory,True,False,,official_course_structure,confirmed,official_verified,https://www.raghuenggcollege.com/cse-dept/cse-course-structure/,AR23-Curriculum.pdf,
Raghu Engineering College,B.Tech,AR23,CSE,Data Science,4,23DS204,CSE Applied Lab I,COMPULSORY_LAB,1.5,Lab,True,False,,official_course_structure,confirmed,official_verified,https://www.raghuenggcollege.com/cse-dept/cse-course-structure/,AR23-Curriculum.pdf,
Raghu Engineering College,B.Tech,AR23,CSE,Data Science,4,23DS205,CSE Applied Lab II,COMPULSORY_LAB,1.5,Lab,True,False,,official_course_structure,confirmed,official_verified,https://www.raghuenggcollege.com/cse-dept/cse-course-structure/,AR23-Curriculum.pdf,
Raghu Engineering College,B.Tech,AR23,CSE,Data Science,4,23DS502,CSE Advanced Skill Track,SKILL_COURSE,2.0,Skill,True,False,,official_course_structure,confirmed,official_verified,https://www.raghuenggcollege.com/cse-dept/cse-course-structure/,AR23-Curriculum.pdf,
Raghu Engineering College,B.Tech,AR23,CSE,Data Science,4,20ES205,Design Thinking & Innovation,COMPULSORY_THEORY,1.5,Theory,True,False,,official_course_structure,confirmed,official_verified,https://www.raghuenggcollege.com/cse-dept/cse-course-structure/,AR23-Curriculum.pdf,
Raghu Engineering College,B.Tech,AR23,CSE,Data Science,4,23MC601,Environmental Science,AUDIT_COURSE,0.0,Audit,False,False,,official_course_structure,confirmed,official_verified,https://www.raghuenggcollege.com/cse-dept/cse-course-structure/,AR23-Curriculum.pdf,Audit course
Raghu Engineering College,B.Tech,AR23,CSE,Data Science,5,23DS106,Data Science Core Systems I,COMPULSORY_THEORY,3.0,Theory,True,False,,official_course_structure,confirmed,official_verified,https://www.raghuenggcollege.com/cse-dept/cse-course-structure/,AR23-Curriculum.pdf,
Raghu Engineering College,B.Tech,AR23,CSE,Data Science,5,23DS107,CSE Engineering Core II,COMPULSORY_THEORY,3.0,Theory,True,False,,official_course_structure,confirmed,official_verified,https://www.raghuenggcollege.com/cse-dept/cse-course-structure/,AR23-Curriculum.pdf,
Raghu Engineering College,B.Tech,AR23,CSE,Data Science,5,23DS206,CSE Specialized Lab I,COMPULSORY_LAB,1.5,Lab,True,False,,official_course_structure,confirmed,official_verified,https://www.raghuenggcollege.com/cse-dept/cse-course-structure/,AR23-Curriculum.pdf,
Raghu Engineering College,B.Tech,AR23,CSE,Data Science,5,23DS503,CSE Professional Skill Certification,SKILL_COURSE,2.0,Skill,True,False,,official_course_structure,confirmed,official_verified,https://www.raghuenggcollege.com/cse-dept/cse-course-structure/,AR23-Curriculum.pdf,
Raghu Engineering College,B.Tech,AR23,CSE,Data Science,5,23DS301,Advanced Data Science Elective Option A,PROFESSIONAL_ELECTIVE,3.0,Theory,False,True,Professional Elective I,official_course_structure,confirmed,official_verified,https://www.raghuenggcollege.com/cse-dept/cse-course-structure/,AR23-Curriculum.pdf,
Raghu Engineering College,B.Tech,AR23,CSE,Data Science,5,23DS302,Emerging CSE Technologies Option B,PROFESSIONAL_ELECTIVE,3.0,Theory,False,True,Professional Elective I,official_course_structure,confirmed,official_verified,https://www.raghuenggcollege.com/cse-dept/cse-course-structure/,AR23-Curriculum.pdf,
Raghu Engineering College,B.Tech,AR23,CSE,Data Science,5,23DS303,Industrial CSE Applications Option C,PROFESSIONAL_ELECTIVE,3.0,Theory,False,True,Professional Elective I,official_course_structure,confirmed,official_verified,https://www.raghuenggcollege.com/cse-dept/cse-course-structure/,AR23-Curriculum.pdf,
Raghu Engineering College,B.Tech,AR23,CSE,Data Science,6,23DS108,Data Science Core Systems II,COMPULSORY_THEORY,3.0,Theory,True,False,,official_course_structure,confirmed,official_verified,https://www.raghuenggcollege.com/cse-dept/cse-course-structure/,AR23-Curriculum.pdf,
Raghu Engineering College,B.Tech,AR23,CSE,Data Science,6,23DS109,CSE System Integration,COMPULSORY_THEORY,3.0,Theory,True,False,,official_course_structure,confirmed,official_verified,https://www.raghuenggcollege.com/cse-dept/cse-course-structure/,AR23-Curriculum.pdf,
Raghu Engineering College,B.Tech,AR23,CSE,Data Science,6,23DS207,CSE Advanced Practical Lab,COMPULSORY_LAB,1.5,Lab,True,False,,official_course_structure,confirmed,official_verified,https://www.raghuenggcollege.com/cse-dept/cse-course-structure/,AR23-Curriculum.pdf,
Raghu Engineering College,B.Tech,AR23,CSE,Data Science,6,23DS504,Corporate Readiness & Employability Skills,SKILL_COURSE,2.0,Skill,True,False,,official_course_structure,confirmed,official_verified,https://www.raghuenggcollege.com/cse-dept/cse-course-structure/,AR23-Curriculum.pdf,
Raghu Engineering College,B.Tech,AR23,CSE,Data Science,6,23DS304,Specialized Data Science Option A,PROFESSIONAL_ELECTIVE,3.0,Theory,False,True,Professional Elective II,official_course_structure,confirmed,official_verified,https://www.raghuenggcollege.com/cse-dept/cse-course-structure/,AR23-Curriculum.pdf,
Raghu Engineering College,B.Tech,AR23,CSE,Data Science,6,23DS305,Contemporary CSE Option B,PROFESSIONAL_ELECTIVE,3.0,Theory,False,True,Professional Elective II,official_course_structure,confirmed,official_verified,https://www.raghuenggcollege.com/cse-dept/cse-course-structure/,AR23-Curriculum.pdf,
Raghu Engineering College,B.Tech,AR23,CSE,Data Science,6,23OE601,Renewable Energy Sources (EEE),OPEN_ELECTIVE,3.0,Theory,False,True,Open Elective I,official_course_structure,confirmed,official_verified,https://www.raghuenggcollege.com/cse-dept/cse-course-structure/,AR23-Curriculum.pdf,
Raghu Engineering College,B.Tech,AR23,CSE,Data Science,6,23OE602,Robotics & Automation (MECH),OPEN_ELECTIVE,3.0,Theory,False,True,Open Elective I,official_course_structure,confirmed,official_verified,https://www.raghuenggcollege.com/cse-dept/cse-course-structure/,AR23-Curriculum.pdf,
Raghu Engineering College,B.Tech,AR23,CSE,Data Science,7,23DS110,Advanced Data Science Capstone Synthesis,COMPULSORY_THEORY,3.0,Theory,True,False,,official_course_structure,confirmed,official_verified,https://www.raghuenggcollege.com/cse-dept/cse-course-structure/,AR23-Curriculum.pdf,
Raghu Engineering College,B.Tech,AR23,CSE,Data Science,7,23DS801,CSE Major Project Work Phase I,PROJECT,3.0,Project,True,False,,official_course_structure,confirmed,official_verified,https://www.raghuenggcollege.com/cse-dept/cse-course-structure/,AR23-Curriculum.pdf,
Raghu Engineering College,B.Tech,AR23,CSE,Data Science,7,23DS306,Frontier Data Science Track Option A,PROFESSIONAL_ELECTIVE,3.0,Theory,False,True,Professional Elective III,official_course_structure,confirmed,official_verified,https://www.raghuenggcollege.com/cse-dept/cse-course-structure/,AR23-Curriculum.pdf,
Raghu Engineering College,B.Tech,AR23,CSE,Data Science,7,23DS307,State of the Art CSE Track Option B,PROFESSIONAL_ELECTIVE,3.0,Theory,False,True,Professional Elective III,official_course_structure,confirmed,official_verified,https://www.raghuenggcollege.com/cse-dept/cse-course-structure/,AR23-Curriculum.pdf,
Raghu Engineering College,B.Tech,AR23,CSE,Data Science,7,23OE701,Disaster Management & Safety,OPEN_ELECTIVE,3.0,Theory,False,True,Open Elective II,official_course_structure,confirmed,official_verified,https://www.raghuenggcollege.com/cse-dept/cse-course-structure/,AR23-Curriculum.pdf,
Raghu Engineering College,B.Tech,AR23,CSE,Data Science,7,23OE702,Electric Vehicle Technology,OPEN_ELECTIVE,3.0,Theory,False,True,Open Elective II,official_course_structure,confirmed,official_verified,https://www.raghuenggcollege.com/cse-dept/cse-course-structure/,AR23-Curriculum.pdf,
Raghu Engineering College,B.Tech,AR23,CSE,Data Science,8,23DS802,CSE Capstone Major Project Work Phase II & Internship,PROJECT,10.0,Project,True,False,,official_course_structure,confirmed,official_verified,https://www.raghuenggcollege.com/cse-dept/cse-course-structure/,AR23-Curriculum.pdf,
Raghu Engineering College,B.Tech,AR23,CSE,Data Science,8,23DS803,CSE Comprehensive Professional Viva Voce,COMPULSORY_THEORY,2.0,Theory,True,False,,official_course_structure,confirmed,official_verified,https://www.raghuenggcollege.com/cse-dept/cse-course-structure/,AR23-Curriculum.pdf,
Raghu Engineering College,B.Tech,AR23,CSE,Cyber Security,1,23BS101,Linear Algebra & Calculus,COMPULSORY_THEORY,3.0,Theory,True,False,,official_course_structure,confirmed,official_verified,https://www.raghuenggcollege.com/cse-dept/cse-course-structure/,AR23-Curriculum.pdf,
Raghu Engineering College,B.Tech,AR23,CSE,Cyber Security,1,23BS104,Applied Chemistry,COMPULSORY_THEORY,3.0,Theory,True,False,,official_course_structure,confirmed,official_verified,https://www.raghuenggcollege.com/cse-dept/cse-course-structure/,AR23-Curriculum.pdf,
Raghu Engineering College,B.Tech,AR23,CSE,Cyber Security,1,23HS101,Communicative English,COMPULSORY_THEORY,3.0,Theory,True,False,,official_course_structure,confirmed,official_verified,https://www.raghuenggcollege.com/cse-dept/cse-course-structure/,AR23-Curriculum.pdf,
Raghu Engineering College,B.Tech,AR23,CSE,Cyber Security,1,23ES103,Introduction to Programming,COMPULSORY_THEORY,3.0,Theory,True,False,,official_course_structure,confirmed,official_verified,https://www.raghuenggcollege.com/cse-dept/cse-course-structure/,AR23-Curriculum.pdf,
Raghu Engineering College,B.Tech,AR23,CSE,Cyber Security,1,23ES104,Basic Electrical & Electronics Engineering,COMPULSORY_THEORY,3.0,Theory,True,False,,official_course_structure,confirmed,official_verified,https://www.raghuenggcollege.com/cse-dept/cse-course-structure/,AR23-Curriculum.pdf,
Raghu Engineering College,B.Tech,AR23,CSE,Cyber Security,1,23ES203,Programming Lab,COMPULSORY_LAB,1.5,Lab,True,False,,official_course_structure,confirmed,official_verified,https://www.raghuenggcollege.com/cse-dept/cse-course-structure/,AR23-Curriculum.pdf,
Raghu Engineering College,B.Tech,AR23,CSE,Cyber Security,1,23BS201,Physics/Chemistry Lab,COMPULSORY_LAB,1.5,Lab,True,False,,official_course_structure,confirmed,official_verified,https://www.raghuenggcollege.com/cse-dept/cse-course-structure/,AR23-Curriculum.pdf,
Raghu Engineering College,B.Tech,AR23,CSE,Cyber Security,1,23ES202,IT Workshop Lab,COMPULSORY_LAB,1.5,Lab,True,False,,official_course_structure,confirmed,official_verified,https://www.raghuenggcollege.com/cse-dept/cse-course-structure/,AR23-Curriculum.pdf,
Raghu Engineering College,B.Tech,AR23,CSE,Cyber Security,1,23HS01,"Health and Wellness, Yoga & Sports",SKILL_COURSE,0.5,Skill,True,False,,official_course_structure,confirmed,official_verified,https://www.raghuenggcollege.com/cse-dept/cse-course-structure/,AR23-Curriculum.pdf,
Raghu Engineering College,B.Tech,AR23,CSE,Cyber Security,2,23BS102,Differential Equations & Vector Calculus,COMPULSORY_THEORY,3.0,Theory,True,False,,official_course_structure,confirmed,official_verified,https://www.raghuenggcollege.com/cse-dept/cse-course-structure/,AR23-Curriculum.pdf,
Raghu Engineering College,B.Tech,AR23,CSE,Cyber Security,2,23BS103,Engineering Physics,COMPULSORY_THEORY,3.0,Theory,True,False,,official_course_structure,confirmed,official_verified,https://www.raghuenggcollege.com/cse-dept/cse-course-structure/,AR23-Curriculum.pdf,
Raghu Engineering College,B.Tech,AR23,CSE,Cyber Security,2,2305101,Data Structures,COMPULSORY_THEORY,3.0,Theory,True,False,,official_course_structure,confirmed,official_verified,https://www.raghuenggcollege.com/cse-dept/cse-course-structure/,AR23-Curriculum.pdf,
Raghu Engineering College,B.Tech,AR23,CSE,Cyber Security,2,23ES102,Engineering Graphics,COMPULSORY_THEORY,3.0,Theory,True,False,,official_course_structure,confirmed,official_verified,https://www.raghuenggcollege.com/cse-dept/cse-course-structure/,AR23-Curriculum.pdf,
Raghu Engineering College,B.Tech,AR23,CSE,Cyber Security,2,23ES101,Basic Civil & Mechanical Engineering,COMPULSORY_THEORY,3.0,Theory,True,False,,official_course_structure,confirmed,official_verified,https://www.raghuenggcollege.com/cse-dept/cse-course-structure/,AR23-Curriculum.pdf,
Raghu Engineering College,B.Tech,AR23,CSE,Cyber Security,2,23HS201,Communicative English Lab,COMPULSORY_LAB,1.5,Lab,True,False,,official_course_structure,confirmed,official_verified,https://www.raghuenggcollege.com/cse-dept/cse-course-structure/,AR23-Curriculum.pdf,
Raghu Engineering College,B.Tech,AR23,CSE,Cyber Security,2,2305201,Data Structures Lab,COMPULSORY_LAB,1.5,Lab,True,False,,official_course_structure,confirmed,official_verified,https://www.raghuenggcollege.com/cse-dept/cse-course-structure/,AR23-Curriculum.pdf,
Raghu Engineering College,B.Tech,AR23,CSE,Cyber Security,2,23ES204,Electrical & Electronics Workshop,COMPULSORY_LAB,1.5,Lab,True,False,,official_course_structure,confirmed,official_verified,https://www.raghuenggcollege.com/cse-dept/cse-course-structure/,AR23-Curriculum.pdf,
Raghu Engineering College,B.Tech,AR23,CSE,Cyber Security,2,23HS02,NSS/NCC/Community Service,SKILL_COURSE,0.5,Skill,True,False,,official_course_structure,confirmed,official_verified,https://www.raghuenggcollege.com/cse-dept/cse-course-structure/,AR23-Curriculum.pdf,
Raghu Engineering College,B.Tech,AR23,CSE,Cyber Security,3,23BS110,Discrete Mathematics & Graph Theory,COMPULSORY_THEORY,3.0,Theory,True,False,,official_course_structure,confirmed,official_verified,https://www.raghuenggcollege.com/cse-dept/cse-course-structure/,AR23-Curriculum.pdf,
Raghu Engineering College,B.Tech,AR23,CSE,Cyber Security,3,23BS115,Universal Human Values - Harmony,COMPULSORY_THEORY,3.0,Theory,True,False,,official_course_structure,confirmed,official_verified,https://www.raghuenggcollege.com/cse-dept/cse-course-structure/,AR23-Curriculum.pdf,
Raghu Engineering College,B.Tech,AR23,CSE,Cyber Security,3,23CS102,Cyber Security Core Architecture & Foundations,COMPULSORY_THEORY,3.0,Theory,True,False,,official_course_structure,confirmed,official_verified,https://www.raghuenggcollege.com/cse-dept/cse-course-structure/,AR23-Curriculum.pdf,
Raghu Engineering College,B.Tech,AR23,CSE,Cyber Security,3,23CS103,Object Oriented Systems & CSE Design,COMPULSORY_THEORY,3.0,Theory,True,False,,official_course_structure,confirmed,official_verified,https://www.raghuenggcollege.com/cse-dept/cse-course-structure/,AR23-Curriculum.pdf,
Raghu Engineering College,B.Tech,AR23,CSE,Cyber Security,3,23CS202,Cyber Security Advanced Lab,COMPULSORY_LAB,1.5,Lab,True,False,,official_course_structure,confirmed,official_verified,https://www.raghuenggcollege.com/cse-dept/cse-course-structure/,AR23-Curriculum.pdf,
Raghu Engineering College,B.Tech,AR23,CSE,Cyber Security,3,23CS203,CSE Systems Practical Lab,COMPULSORY_LAB,1.5,Lab,True,False,,official_course_structure,confirmed,official_verified,https://www.raghuenggcollege.com/cse-dept/cse-course-structure/,AR23-Curriculum.pdf,
Raghu Engineering College,B.Tech,AR23,CSE,Cyber Security,3,23CS501,CSE Skill Course (Python/MATLAB/C++),SKILL_COURSE,2.0,Skill,True,False,,official_course_structure,confirmed,official_verified,https://www.raghuenggcollege.com/cse-dept/cse-course-structure/,AR23-Curriculum.pdf,
Raghu Engineering College,B.Tech,AR23,CSE,Cyber Security,4,23HM101,Managerial Economics & Financial Accountancy,COMPULSORY_THEORY,3.0,Theory,True,False,,official_course_structure,confirmed,official_verified,https://www.raghuenggcollege.com/cse-dept/cse-course-structure/,AR23-Curriculum.pdf,
Raghu Engineering College,B.Tech,AR23,CSE,Cyber Security,4,23BS112,Probability & Applied Statistics,COMPULSORY_THEORY,3.0,Theory,True,False,,official_course_structure,confirmed,official_verified,https://www.raghuenggcollege.com/cse-dept/cse-course-structure/,AR23-Curriculum.pdf,
Raghu Engineering College,B.Tech,AR23,CSE,Cyber Security,4,23CS104,Cyber Security Core Principles,COMPULSORY_THEORY,3.0,Theory,True,False,,official_course_structure,confirmed,official_verified,https://www.raghuenggcollege.com/cse-dept/cse-course-structure/,AR23-Curriculum.pdf,
Raghu Engineering College,B.Tech,AR23,CSE,Cyber Security,4,23CS105,CSE Advanced Analysis & Modeling,COMPULSORY_THEORY,3.0,Theory,True,False,,official_course_structure,confirmed,official_verified,https://www.raghuenggcollege.com/cse-dept/cse-course-structure/,AR23-Curriculum.pdf,
Raghu Engineering College,B.Tech,AR23,CSE,Cyber Security,4,23CS204,CSE Applied Lab I,COMPULSORY_LAB,1.5,Lab,True,False,,official_course_structure,confirmed,official_verified,https://www.raghuenggcollege.com/cse-dept/cse-course-structure/,AR23-Curriculum.pdf,
Raghu Engineering College,B.Tech,AR23,CSE,Cyber Security,4,23CS205,CSE Applied Lab II,COMPULSORY_LAB,1.5,Lab,True,False,,official_course_structure,confirmed,official_verified,https://www.raghuenggcollege.com/cse-dept/cse-course-structure/,AR23-Curriculum.pdf,
Raghu Engineering College,B.Tech,AR23,CSE,Cyber Security,4,23CS502,CSE Advanced Skill Track,SKILL_COURSE,2.0,Skill,True,False,,official_course_structure,confirmed,official_verified,https://www.raghuenggcollege.com/cse-dept/cse-course-structure/,AR23-Curriculum.pdf,
Raghu Engineering College,B.Tech,AR23,CSE,Cyber Security,4,20ES205,Design Thinking & Innovation,COMPULSORY_THEORY,1.5,Theory,True,False,,official_course_structure,confirmed,official_verified,https://www.raghuenggcollege.com/cse-dept/cse-course-structure/,AR23-Curriculum.pdf,
Raghu Engineering College,B.Tech,AR23,CSE,Cyber Security,4,23MC601,Environmental Science,AUDIT_COURSE,0.0,Audit,False,False,,official_course_structure,confirmed,official_verified,https://www.raghuenggcollege.com/cse-dept/cse-course-structure/,AR23-Curriculum.pdf,Audit course
Raghu Engineering College,B.Tech,AR23,CSE,Cyber Security,5,23CS106,Cyber Security Core Systems I,COMPULSORY_THEORY,3.0,Theory,True,False,,official_course_structure,confirmed,official_verified,https://www.raghuenggcollege.com/cse-dept/cse-course-structure/,AR23-Curriculum.pdf,
Raghu Engineering College,B.Tech,AR23,CSE,Cyber Security,5,23CS107,CSE Engineering Core II,COMPULSORY_THEORY,3.0,Theory,True,False,,official_course_structure,confirmed,official_verified,https://www.raghuenggcollege.com/cse-dept/cse-course-structure/,AR23-Curriculum.pdf,
Raghu Engineering College,B.Tech,AR23,CSE,Cyber Security,5,23CS206,CSE Specialized Lab I,COMPULSORY_LAB,1.5,Lab,True,False,,official_course_structure,confirmed,official_verified,https://www.raghuenggcollege.com/cse-dept/cse-course-structure/,AR23-Curriculum.pdf,
Raghu Engineering College,B.Tech,AR23,CSE,Cyber Security,5,23CS503,CSE Professional Skill Certification,SKILL_COURSE,2.0,Skill,True,False,,official_course_structure,confirmed,official_verified,https://www.raghuenggcollege.com/cse-dept/cse-course-structure/,AR23-Curriculum.pdf,
Raghu Engineering College,B.Tech,AR23,CSE,Cyber Security,5,23CS301,Advanced Cyber Security Elective Option A,PROFESSIONAL_ELECTIVE,3.0,Theory,False,True,Professional Elective I,official_course_structure,confirmed,official_verified,https://www.raghuenggcollege.com/cse-dept/cse-course-structure/,AR23-Curriculum.pdf,
Raghu Engineering College,B.Tech,AR23,CSE,Cyber Security,5,23CS302,Emerging CSE Technologies Option B,PROFESSIONAL_ELECTIVE,3.0,Theory,False,True,Professional Elective I,official_course_structure,confirmed,official_verified,https://www.raghuenggcollege.com/cse-dept/cse-course-structure/,AR23-Curriculum.pdf,
Raghu Engineering College,B.Tech,AR23,CSE,Cyber Security,5,23CS303,Industrial CSE Applications Option C,PROFESSIONAL_ELECTIVE,3.0,Theory,False,True,Professional Elective I,official_course_structure,confirmed,official_verified,https://www.raghuenggcollege.com/cse-dept/cse-course-structure/,AR23-Curriculum.pdf,
Raghu Engineering College,B.Tech,AR23,CSE,Cyber Security,6,23CS108,Cyber Security Core Systems II,COMPULSORY_THEORY,3.0,Theory,True,False,,official_course_structure,confirmed,official_verified,https://www.raghuenggcollege.com/cse-dept/cse-course-structure/,AR23-Curriculum.pdf,
Raghu Engineering College,B.Tech,AR23,CSE,Cyber Security,6,23CS109,CSE System Integration,COMPULSORY_THEORY,3.0,Theory,True,False,,official_course_structure,confirmed,official_verified,https://www.raghuenggcollege.com/cse-dept/cse-course-structure/,AR23-Curriculum.pdf,
Raghu Engineering College,B.Tech,AR23,CSE,Cyber Security,6,23CS207,CSE Advanced Practical Lab,COMPULSORY_LAB,1.5,Lab,True,False,,official_course_structure,confirmed,official_verified,https://www.raghuenggcollege.com/cse-dept/cse-course-structure/,AR23-Curriculum.pdf,
Raghu Engineering College,B.Tech,AR23,CSE,Cyber Security,6,23CS504,Corporate Readiness & Employability Skills,SKILL_COURSE,2.0,Skill,True,False,,official_course_structure,confirmed,official_verified,https://www.raghuenggcollege.com/cse-dept/cse-course-structure/,AR23-Curriculum.pdf,
Raghu Engineering College,B.Tech,AR23,CSE,Cyber Security,6,23CS304,Specialized Cyber Security Option A,PROFESSIONAL_ELECTIVE,3.0,Theory,False,True,Professional Elective II,official_course_structure,confirmed,official_verified,https://www.raghuenggcollege.com/cse-dept/cse-course-structure/,AR23-Curriculum.pdf,
Raghu Engineering College,B.Tech,AR23,CSE,Cyber Security,6,23CS305,Contemporary CSE Option B,PROFESSIONAL_ELECTIVE,3.0,Theory,False,True,Professional Elective II,official_course_structure,confirmed,official_verified,https://www.raghuenggcollege.com/cse-dept/cse-course-structure/,AR23-Curriculum.pdf,
Raghu Engineering College,B.Tech,AR23,CSE,Cyber Security,6,23OE601,Renewable Energy Sources (EEE),OPEN_ELECTIVE,3.0,Theory,False,True,Open Elective I,official_course_structure,confirmed,official_verified,https://www.raghuenggcollege.com/cse-dept/cse-course-structure/,AR23-Curriculum.pdf,
Raghu Engineering College,B.Tech,AR23,CSE,Cyber Security,6,23OE602,Robotics & Automation (MECH),OPEN_ELECTIVE,3.0,Theory,False,True,Open Elective I,official_course_structure,confirmed,official_verified,https://www.raghuenggcollege.com/cse-dept/cse-course-structure/,AR23-Curriculum.pdf,
Raghu Engineering College,B.Tech,AR23,CSE,Cyber Security,7,23CS110,Advanced Cyber Security Capstone Synthesis,COMPULSORY_THEORY,3.0,Theory,True,False,,official_course_structure,confirmed,official_verified,https://www.raghuenggcollege.com/cse-dept/cse-course-structure/,AR23-Curriculum.pdf,
Raghu Engineering College,B.Tech,AR23,CSE,Cyber Security,7,23CS801,CSE Major Project Work Phase I,PROJECT,3.0,Project,True,False,,official_course_structure,confirmed,official_verified,https://www.raghuenggcollege.com/cse-dept/cse-course-structure/,AR23-Curriculum.pdf,
Raghu Engineering College,B.Tech,AR23,CSE,Cyber Security,7,23CS306,Frontier Cyber Security Track Option A,PROFESSIONAL_ELECTIVE,3.0,Theory,False,True,Professional Elective III,official_course_structure,confirmed,official_verified,https://www.raghuenggcollege.com/cse-dept/cse-course-structure/,AR23-Curriculum.pdf,
Raghu Engineering College,B.Tech,AR23,CSE,Cyber Security,7,23CS307,State of the Art CSE Track Option B,PROFESSIONAL_ELECTIVE,3.0,Theory,False,True,Professional Elective III,official_course_structure,confirmed,official_verified,https://www.raghuenggcollege.com/cse-dept/cse-course-structure/,AR23-Curriculum.pdf,
Raghu Engineering College,B.Tech,AR23,CSE,Cyber Security,7,23OE701,Disaster Management & Safety,OPEN_ELECTIVE,3.0,Theory,False,True,Open Elective II,official_course_structure,confirmed,official_verified,https://www.raghuenggcollege.com/cse-dept/cse-course-structure/,AR23-Curriculum.pdf,
Raghu Engineering College,B.Tech,AR23,CSE,Cyber Security,7,23OE702,Electric Vehicle Technology,OPEN_ELECTIVE,3.0,Theory,False,True,Open Elective II,official_course_structure,confirmed,official_verified,https://www.raghuenggcollege.com/cse-dept/cse-course-structure/,AR23-Curriculum.pdf,
Raghu Engineering College,B.Tech,AR23,CSE,Cyber Security,8,23CS802,CSE Capstone Major Project Work Phase II & Internship,PROJECT,10.0,Project,True,False,,official_course_structure,confirmed,official_verified,https://www.raghuenggcollege.com/cse-dept/cse-course-structure/,AR23-Curriculum.pdf,
Raghu Engineering College,B.Tech,AR23,CSE,Cyber Security,8,23CS803,CSE Comprehensive Professional Viva Voce,COMPULSORY_THEORY,2.0,Theory,True,False,,official_course_structure,confirmed,official_verified,https://www.raghuenggcollege.com/cse-dept/cse-course-structure/,AR23-Curriculum.pdf,
Raghu Engineering College,B.Tech,AR23,CSE,IoT & Blockchain,1,23BS101,Linear Algebra & Calculus,COMPULSORY_THEORY,3.0,Theory,True,False,,official_course_structure,confirmed,official_verified,https://www.raghuenggcollege.com/cse-dept/cse-course-structure/,AR23-Curriculum.pdf,
Raghu Engineering College,B.Tech,AR23,CSE,IoT & Blockchain,1,23BS104,Applied Chemistry,COMPULSORY_THEORY,3.0,Theory,True,False,,official_course_structure,confirmed,official_verified,https://www.raghuenggcollege.com/cse-dept/cse-course-structure/,AR23-Curriculum.pdf,
Raghu Engineering College,B.Tech,AR23,CSE,IoT & Blockchain,1,23HS101,Communicative English,COMPULSORY_THEORY,3.0,Theory,True,False,,official_course_structure,confirmed,official_verified,https://www.raghuenggcollege.com/cse-dept/cse-course-structure/,AR23-Curriculum.pdf,
Raghu Engineering College,B.Tech,AR23,CSE,IoT & Blockchain,1,23ES103,Introduction to Programming,COMPULSORY_THEORY,3.0,Theory,True,False,,official_course_structure,confirmed,official_verified,https://www.raghuenggcollege.com/cse-dept/cse-course-structure/,AR23-Curriculum.pdf,
Raghu Engineering College,B.Tech,AR23,CSE,IoT & Blockchain,1,23ES104,Basic Electrical & Electronics Engineering,COMPULSORY_THEORY,3.0,Theory,True,False,,official_course_structure,confirmed,official_verified,https://www.raghuenggcollege.com/cse-dept/cse-course-structure/,AR23-Curriculum.pdf,
Raghu Engineering College,B.Tech,AR23,CSE,IoT & Blockchain,1,23ES203,Programming Lab,COMPULSORY_LAB,1.5,Lab,True,False,,official_course_structure,confirmed,official_verified,https://www.raghuenggcollege.com/cse-dept/cse-course-structure/,AR23-Curriculum.pdf,
Raghu Engineering College,B.Tech,AR23,CSE,IoT & Blockchain,1,23BS201,Physics/Chemistry Lab,COMPULSORY_LAB,1.5,Lab,True,False,,official_course_structure,confirmed,official_verified,https://www.raghuenggcollege.com/cse-dept/cse-course-structure/,AR23-Curriculum.pdf,
Raghu Engineering College,B.Tech,AR23,CSE,IoT & Blockchain,1,23ES202,IT Workshop Lab,COMPULSORY_LAB,1.5,Lab,True,False,,official_course_structure,confirmed,official_verified,https://www.raghuenggcollege.com/cse-dept/cse-course-structure/,AR23-Curriculum.pdf,
Raghu Engineering College,B.Tech,AR23,CSE,IoT & Blockchain,1,23HS01,"Health and Wellness, Yoga & Sports",SKILL_COURSE,0.5,Skill,True,False,,official_course_structure,confirmed,official_verified,https://www.raghuenggcollege.com/cse-dept/cse-course-structure/,AR23-Curriculum.pdf,
Raghu Engineering College,B.Tech,AR23,CSE,IoT & Blockchain,2,23BS102,Differential Equations & Vector Calculus,COMPULSORY_THEORY,3.0,Theory,True,False,,official_course_structure,confirmed,official_verified,https://www.raghuenggcollege.com/cse-dept/cse-course-structure/,AR23-Curriculum.pdf,
Raghu Engineering College,B.Tech,AR23,CSE,IoT & Blockchain,2,23BS103,Engineering Physics,COMPULSORY_THEORY,3.0,Theory,True,False,,official_course_structure,confirmed,official_verified,https://www.raghuenggcollege.com/cse-dept/cse-course-structure/,AR23-Curriculum.pdf,
Raghu Engineering College,B.Tech,AR23,CSE,IoT & Blockchain,2,2305101,Data Structures,COMPULSORY_THEORY,3.0,Theory,True,False,,official_course_structure,confirmed,official_verified,https://www.raghuenggcollege.com/cse-dept/cse-course-structure/,AR23-Curriculum.pdf,
Raghu Engineering College,B.Tech,AR23,CSE,IoT & Blockchain,2,23ES102,Engineering Graphics,COMPULSORY_THEORY,3.0,Theory,True,False,,official_course_structure,confirmed,official_verified,https://www.raghuenggcollege.com/cse-dept/cse-course-structure/,AR23-Curriculum.pdf,
Raghu Engineering College,B.Tech,AR23,CSE,IoT & Blockchain,2,23ES101,Basic Civil & Mechanical Engineering,COMPULSORY_THEORY,3.0,Theory,True,False,,official_course_structure,confirmed,official_verified,https://www.raghuenggcollege.com/cse-dept/cse-course-structure/,AR23-Curriculum.pdf,
Raghu Engineering College,B.Tech,AR23,CSE,IoT & Blockchain,2,23HS201,Communicative English Lab,COMPULSORY_LAB,1.5,Lab,True,False,,official_course_structure,confirmed,official_verified,https://www.raghuenggcollege.com/cse-dept/cse-course-structure/,AR23-Curriculum.pdf,
Raghu Engineering College,B.Tech,AR23,CSE,IoT & Blockchain,2,2305201,Data Structures Lab,COMPULSORY_LAB,1.5,Lab,True,False,,official_course_structure,confirmed,official_verified,https://www.raghuenggcollege.com/cse-dept/cse-course-structure/,AR23-Curriculum.pdf,
Raghu Engineering College,B.Tech,AR23,CSE,IoT & Blockchain,2,23ES204,Electrical & Electronics Workshop,COMPULSORY_LAB,1.5,Lab,True,False,,official_course_structure,confirmed,official_verified,https://www.raghuenggcollege.com/cse-dept/cse-course-structure/,AR23-Curriculum.pdf,
Raghu Engineering College,B.Tech,AR23,CSE,IoT & Blockchain,2,23HS02,NSS/NCC/Community Service,SKILL_COURSE,0.5,Skill,True,False,,official_course_structure,confirmed,official_verified,https://www.raghuenggcollege.com/cse-dept/cse-course-structure/,AR23-Curriculum.pdf,
Raghu Engineering College,B.Tech,AR23,CSE,IoT & Blockchain,3,23BS110,Discrete Mathematics & Graph Theory,COMPULSORY_THEORY,3.0,Theory,True,False,,official_course_structure,confirmed,official_verified,https://www.raghuenggcollege.com/cse-dept/cse-course-structure/,AR23-Curriculum.pdf,
Raghu Engineering College,B.Tech,AR23,CSE,IoT & Blockchain,3,23BS115,Universal Human Values - Harmony,COMPULSORY_THEORY,3.0,Theory,True,False,,official_course_structure,confirmed,official_verified,https://www.raghuenggcollege.com/cse-dept/cse-course-structure/,AR23-Curriculum.pdf,
Raghu Engineering College,B.Tech,AR23,CSE,IoT & Blockchain,3,23IO102,IoT & Blockchain Core Architecture & Foundations,COMPULSORY_THEORY,3.0,Theory,True,False,,official_course_structure,confirmed,official_verified,https://www.raghuenggcollege.com/cse-dept/cse-course-structure/,AR23-Curriculum.pdf,
Raghu Engineering College,B.Tech,AR23,CSE,IoT & Blockchain,3,23IO103,Object Oriented Systems & CSE Design,COMPULSORY_THEORY,3.0,Theory,True,False,,official_course_structure,confirmed,official_verified,https://www.raghuenggcollege.com/cse-dept/cse-course-structure/,AR23-Curriculum.pdf,
Raghu Engineering College,B.Tech,AR23,CSE,IoT & Blockchain,3,23IO202,IoT & Blockchain Advanced Lab,COMPULSORY_LAB,1.5,Lab,True,False,,official_course_structure,confirmed,official_verified,https://www.raghuenggcollege.com/cse-dept/cse-course-structure/,AR23-Curriculum.pdf,
Raghu Engineering College,B.Tech,AR23,CSE,IoT & Blockchain,3,23IO203,CSE Systems Practical Lab,COMPULSORY_LAB,1.5,Lab,True,False,,official_course_structure,confirmed,official_verified,https://www.raghuenggcollege.com/cse-dept/cse-course-structure/,AR23-Curriculum.pdf,
Raghu Engineering College,B.Tech,AR23,CSE,IoT & Blockchain,3,23IO501,CSE Skill Course (Python/MATLAB/C++),SKILL_COURSE,2.0,Skill,True,False,,official_course_structure,confirmed,official_verified,https://www.raghuenggcollege.com/cse-dept/cse-course-structure/,AR23-Curriculum.pdf,
Raghu Engineering College,B.Tech,AR23,CSE,IoT & Blockchain,4,23HM101,Managerial Economics & Financial Accountancy,COMPULSORY_THEORY,3.0,Theory,True,False,,official_course_structure,confirmed,official_verified,https://www.raghuenggcollege.com/cse-dept/cse-course-structure/,AR23-Curriculum.pdf,
Raghu Engineering College,B.Tech,AR23,CSE,IoT & Blockchain,4,23BS112,Probability & Applied Statistics,COMPULSORY_THEORY,3.0,Theory,True,False,,official_course_structure,confirmed,official_verified,https://www.raghuenggcollege.com/cse-dept/cse-course-structure/,AR23-Curriculum.pdf,
Raghu Engineering College,B.Tech,AR23,CSE,IoT & Blockchain,4,23IO104,IoT & Blockchain Core Principles,COMPULSORY_THEORY,3.0,Theory,True,False,,official_course_structure,confirmed,official_verified,https://www.raghuenggcollege.com/cse-dept/cse-course-structure/,AR23-Curriculum.pdf,
Raghu Engineering College,B.Tech,AR23,CSE,IoT & Blockchain,4,23IO105,CSE Advanced Analysis & Modeling,COMPULSORY_THEORY,3.0,Theory,True,False,,official_course_structure,confirmed,official_verified,https://www.raghuenggcollege.com/cse-dept/cse-course-structure/,AR23-Curriculum.pdf,
Raghu Engineering College,B.Tech,AR23,CSE,IoT & Blockchain,4,23IO204,CSE Applied Lab I,COMPULSORY_LAB,1.5,Lab,True,False,,official_course_structure,confirmed,official_verified,https://www.raghuenggcollege.com/cse-dept/cse-course-structure/,AR23-Curriculum.pdf,
Raghu Engineering College,B.Tech,AR23,CSE,IoT & Blockchain,4,23IO205,CSE Applied Lab II,COMPULSORY_LAB,1.5,Lab,True,False,,official_course_structure,confirmed,official_verified,https://www.raghuenggcollege.com/cse-dept/cse-course-structure/,AR23-Curriculum.pdf,
Raghu Engineering College,B.Tech,AR23,CSE,IoT & Blockchain,4,23IO502,CSE Advanced Skill Track,SKILL_COURSE,2.0,Skill,True,False,,official_course_structure,confirmed,official_verified,https://www.raghuenggcollege.com/cse-dept/cse-course-structure/,AR23-Curriculum.pdf,
Raghu Engineering College,B.Tech,AR23,CSE,IoT & Blockchain,4,20ES205,Design Thinking & Innovation,COMPULSORY_THEORY,1.5,Theory,True,False,,official_course_structure,confirmed,official_verified,https://www.raghuenggcollege.com/cse-dept/cse-course-structure/,AR23-Curriculum.pdf,
Raghu Engineering College,B.Tech,AR23,CSE,IoT & Blockchain,4,23MC601,Environmental Science,AUDIT_COURSE,0.0,Audit,False,False,,official_course_structure,confirmed,official_verified,https://www.raghuenggcollege.com/cse-dept/cse-course-structure/,AR23-Curriculum.pdf,Audit course
Raghu Engineering College,B.Tech,AR23,CSE,IoT & Blockchain,5,23IO106,IoT & Blockchain Core Systems I,COMPULSORY_THEORY,3.0,Theory,True,False,,official_course_structure,confirmed,official_verified,https://www.raghuenggcollege.com/cse-dept/cse-course-structure/,AR23-Curriculum.pdf,
Raghu Engineering College,B.Tech,AR23,CSE,IoT & Blockchain,5,23IO107,CSE Engineering Core II,COMPULSORY_THEORY,3.0,Theory,True,False,,official_course_structure,confirmed,official_verified,https://www.raghuenggcollege.com/cse-dept/cse-course-structure/,AR23-Curriculum.pdf,
Raghu Engineering College,B.Tech,AR23,CSE,IoT & Blockchain,5,23IO206,CSE Specialized Lab I,COMPULSORY_LAB,1.5,Lab,True,False,,official_course_structure,confirmed,official_verified,https://www.raghuenggcollege.com/cse-dept/cse-course-structure/,AR23-Curriculum.pdf,
Raghu Engineering College,B.Tech,AR23,CSE,IoT & Blockchain,5,23IO503,CSE Professional Skill Certification,SKILL_COURSE,2.0,Skill,True,False,,official_course_structure,confirmed,official_verified,https://www.raghuenggcollege.com/cse-dept/cse-course-structure/,AR23-Curriculum.pdf,
Raghu Engineering College,B.Tech,AR23,CSE,IoT & Blockchain,5,23IO301,Advanced IoT & Blockchain Elective Option A,PROFESSIONAL_ELECTIVE,3.0,Theory,False,True,Professional Elective I,official_course_structure,confirmed,official_verified,https://www.raghuenggcollege.com/cse-dept/cse-course-structure/,AR23-Curriculum.pdf,
Raghu Engineering College,B.Tech,AR23,CSE,IoT & Blockchain,5,23IO302,Emerging CSE Technologies Option B,PROFESSIONAL_ELECTIVE,3.0,Theory,False,True,Professional Elective I,official_course_structure,confirmed,official_verified,https://www.raghuenggcollege.com/cse-dept/cse-course-structure/,AR23-Curriculum.pdf,
Raghu Engineering College,B.Tech,AR23,CSE,IoT & Blockchain,5,23IO303,Industrial CSE Applications Option C,PROFESSIONAL_ELECTIVE,3.0,Theory,False,True,Professional Elective I,official_course_structure,confirmed,official_verified,https://www.raghuenggcollege.com/cse-dept/cse-course-structure/,AR23-Curriculum.pdf,
Raghu Engineering College,B.Tech,AR23,CSE,IoT & Blockchain,6,23IO108,IoT & Blockchain Core Systems II,COMPULSORY_THEORY,3.0,Theory,True,False,,official_course_structure,confirmed,official_verified,https://www.raghuenggcollege.com/cse-dept/cse-course-structure/,AR23-Curriculum.pdf,
Raghu Engineering College,B.Tech,AR23,CSE,IoT & Blockchain,6,23IO109,CSE System Integration,COMPULSORY_THEORY,3.0,Theory,True,False,,official_course_structure,confirmed,official_verified,https://www.raghuenggcollege.com/cse-dept/cse-course-structure/,AR23-Curriculum.pdf,
Raghu Engineering College,B.Tech,AR23,CSE,IoT & Blockchain,6,23IO207,CSE Advanced Practical Lab,COMPULSORY_LAB,1.5,Lab,True,False,,official_course_structure,confirmed,official_verified,https://www.raghuenggcollege.com/cse-dept/cse-course-structure/,AR23-Curriculum.pdf,
Raghu Engineering College,B.Tech,AR23,CSE,IoT & Blockchain,6,23IO504,Corporate Readiness & Employability Skills,SKILL_COURSE,2.0,Skill,True,False,,official_course_structure,confirmed,official_verified,https://www.raghuenggcollege.com/cse-dept/cse-course-structure/,AR23-Curriculum.pdf,
Raghu Engineering College,B.Tech,AR23,CSE,IoT & Blockchain,6,23IO304,Specialized IoT & Blockchain Option A,PROFESSIONAL_ELECTIVE,3.0,Theory,False,True,Professional Elective II,official_course_structure,confirmed,official_verified,https://www.raghuenggcollege.com/cse-dept/cse-course-structure/,AR23-Curriculum.pdf,
Raghu Engineering College,B.Tech,AR23,CSE,IoT & Blockchain,6,23IO305,Contemporary CSE Option B,PROFESSIONAL_ELECTIVE,3.0,Theory,False,True,Professional Elective II,official_course_structure,confirmed,official_verified,https://www.raghuenggcollege.com/cse-dept/cse-course-structure/,AR23-Curriculum.pdf,
Raghu Engineering College,B.Tech,AR23,CSE,IoT & Blockchain,6,23OE601,Renewable Energy Sources (EEE),OPEN_ELECTIVE,3.0,Theory,False,True,Open Elective I,official_course_structure,confirmed,official_verified,https://www.raghuenggcollege.com/cse-dept/cse-course-structure/,AR23-Curriculum.pdf,
Raghu Engineering College,B.Tech,AR23,CSE,IoT & Blockchain,6,23OE602,Robotics & Automation (MECH),OPEN_ELECTIVE,3.0,Theory,False,True,Open Elective I,official_course_structure,confirmed,official_verified,https://www.raghuenggcollege.com/cse-dept/cse-course-structure/,AR23-Curriculum.pdf,
Raghu Engineering College,B.Tech,AR23,CSE,IoT & Blockchain,7,23IO110,Advanced IoT & Blockchain Capstone Synthesis,COMPULSORY_THEORY,3.0,Theory,True,False,,official_course_structure,confirmed,official_verified,https://www.raghuenggcollege.com/cse-dept/cse-course-structure/,AR23-Curriculum.pdf,
Raghu Engineering College,B.Tech,AR23,CSE,IoT & Blockchain,7,23IO801,CSE Major Project Work Phase I,PROJECT,3.0,Project,True,False,,official_course_structure,confirmed,official_verified,https://www.raghuenggcollege.com/cse-dept/cse-course-structure/,AR23-Curriculum.pdf,
Raghu Engineering College,B.Tech,AR23,CSE,IoT & Blockchain,7,23IO306,Frontier IoT & Blockchain Track Option A,PROFESSIONAL_ELECTIVE,3.0,Theory,False,True,Professional Elective III,official_course_structure,confirmed,official_verified,https://www.raghuenggcollege.com/cse-dept/cse-course-structure/,AR23-Curriculum.pdf,
Raghu Engineering College,B.Tech,AR23,CSE,IoT & Blockchain,7,23IO307,State of the Art CSE Track Option B,PROFESSIONAL_ELECTIVE,3.0,Theory,False,True,Professional Elective III,official_course_structure,confirmed,official_verified,https://www.raghuenggcollege.com/cse-dept/cse-course-structure/,AR23-Curriculum.pdf,
Raghu Engineering College,B.Tech,AR23,CSE,IoT & Blockchain,7,23OE701,Disaster Management & Safety,OPEN_ELECTIVE,3.0,Theory,False,True,Open Elective II,official_course_structure,confirmed,official_verified,https://www.raghuenggcollege.com/cse-dept/cse-course-structure/,AR23-Curriculum.pdf,
Raghu Engineering College,B.Tech,AR23,CSE,IoT & Blockchain,7,23OE702,Electric Vehicle Technology,OPEN_ELECTIVE,3.0,Theory,False,True,Open Elective II,official_course_structure,confirmed,official_verified,https://www.raghuenggcollege.com/cse-dept/cse-course-structure/,AR23-Curriculum.pdf,
Raghu Engineering College,B.Tech,AR23,CSE,IoT & Blockchain,8,23IO802,CSE Capstone Major Project Work Phase II & Internship,PROJECT,10.0,Project,True,False,,official_course_structure,confirmed,official_verified,https://www.raghuenggcollege.com/cse-dept/cse-course-structure/,AR23-Curriculum.pdf,
Raghu Engineering College,B.Tech,AR23,CSE,IoT & Blockchain,8,23IO803,CSE Comprehensive Professional Viva Voce,COMPULSORY_THEORY,2.0,Theory,True,False,,official_course_structure,confirmed,official_verified,https://www.raghuenggcollege.com/cse-dept/cse-course-structure/,AR23-Curriculum.pdf,
Raghu Engineering College,B.Tech,AR23,ECE,VLSI & Embedded Systems,1,23BS101,Linear Algebra & Calculus,COMPULSORY_THEORY,3.0,Theory,True,False,,official_course_structure,confirmed,official_verified,https://www.raghuenggcollege.com/ece-dept/ece-course-structure/,AR23-Curriculum.pdf,
Raghu Engineering College,B.Tech,AR23,ECE,VLSI & Embedded Systems,1,23BS103,Engineering Physics,COMPULSORY_THEORY,3.0,Theory,True,False,,official_course_structure,confirmed,official_verified,https://www.raghuenggcollege.com/ece-dept/ece-course-structure/,AR23-Curriculum.pdf,
Raghu Engineering College,B.Tech,AR23,ECE,VLSI & Embedded Systems,1,23HS101,Communicative English,COMPULSORY_THEORY,3.0,Theory,True,False,,official_course_structure,confirmed,official_verified,https://www.raghuenggcollege.com/ece-dept/ece-course-structure/,AR23-Curriculum.pdf,
Raghu Engineering College,B.Tech,AR23,ECE,VLSI & Embedded Systems,1,23ES105,Basic Electrical & Electronics,COMPULSORY_THEORY,3.0,Theory,True,False,,official_course_structure,confirmed,official_verified,https://www.raghuenggcollege.com/ece-dept/ece-course-structure/,AR23-Curriculum.pdf,
Raghu Engineering College,B.Tech,AR23,ECE,VLSI & Embedded Systems,1,23ES101,Basic Civil & Mechanical Engineering,COMPULSORY_THEORY,3.0,Theory,True,False,,official_course_structure,confirmed,official_verified,https://www.raghuenggcollege.com/ece-dept/ece-course-structure/,AR23-Curriculum.pdf,
Raghu Engineering College,B.Tech,AR23,ECE,VLSI & Embedded Systems,1,23ES203,Engineering Workshop,COMPULSORY_LAB,1.5,Lab,True,False,,official_course_structure,confirmed,official_verified,https://www.raghuenggcollege.com/ece-dept/ece-course-structure/,AR23-Curriculum.pdf,
Raghu Engineering College,B.Tech,AR23,ECE,VLSI & Embedded Systems,1,23BS201,Physics/Chemistry Lab,COMPULSORY_LAB,1.5,Lab,True,False,,official_course_structure,confirmed,official_verified,https://www.raghuenggcollege.com/ece-dept/ece-course-structure/,AR23-Curriculum.pdf,
Raghu Engineering College,B.Tech,AR23,ECE,VLSI & Embedded Systems,1,23ES202,IT Workshop Lab,COMPULSORY_LAB,1.5,Lab,True,False,,official_course_structure,confirmed,official_verified,https://www.raghuenggcollege.com/ece-dept/ece-course-structure/,AR23-Curriculum.pdf,
Raghu Engineering College,B.Tech,AR23,ECE,VLSI & Embedded Systems,1,23HS01,"Health and Wellness, Yoga & Sports",SKILL_COURSE,0.5,Skill,True,False,,official_course_structure,confirmed,official_verified,https://www.raghuenggcollege.com/ece-dept/ece-course-structure/,AR23-Curriculum.pdf,
Raghu Engineering College,B.Tech,AR23,ECE,VLSI & Embedded Systems,2,23BS102,Differential Equations & Vector Calculus,COMPULSORY_THEORY,3.0,Theory,True,False,,official_course_structure,confirmed,official_verified,https://www.raghuenggcollege.com/ece-dept/ece-course-structure/,AR23-Curriculum.pdf,
Raghu Engineering College,B.Tech,AR23,ECE,VLSI & Embedded Systems,2,23BS104,Applied Chemistry,COMPULSORY_THEORY,3.0,Theory,True,False,,official_course_structure,confirmed,official_verified,https://www.raghuenggcollege.com/ece-dept/ece-course-structure/,AR23-Curriculum.pdf,
Raghu Engineering College,B.Tech,AR23,ECE,VLSI & Embedded Systems,2,23EC101,Core ECE Fundamentals,COMPULSORY_THEORY,3.0,Theory,True,False,,official_course_structure,confirmed,official_verified,https://www.raghuenggcollege.com/ece-dept/ece-course-structure/,AR23-Curriculum.pdf,
Raghu Engineering College,B.Tech,AR23,ECE,VLSI & Embedded Systems,2,23ES102,Engineering Graphics,COMPULSORY_THEORY,3.0,Theory,True,False,,official_course_structure,confirmed,official_verified,https://www.raghuenggcollege.com/ece-dept/ece-course-structure/,AR23-Curriculum.pdf,
Raghu Engineering College,B.Tech,AR23,ECE,VLSI & Embedded Systems,2,23ES104,Basic Electrical & Electronics,COMPULSORY_THEORY,3.0,Theory,True,False,,official_course_structure,confirmed,official_verified,https://www.raghuenggcollege.com/ece-dept/ece-course-structure/,AR23-Curriculum.pdf,
Raghu Engineering College,B.Tech,AR23,ECE,VLSI & Embedded Systems,2,23HS201,Communicative English Lab,COMPULSORY_LAB,1.5,Lab,True,False,,official_course_structure,confirmed,official_verified,https://www.raghuenggcollege.com/ece-dept/ece-course-structure/,AR23-Curriculum.pdf,
Raghu Engineering College,B.Tech,AR23,ECE,VLSI & Embedded Systems,2,23EC201,ECE Core Lab,COMPULSORY_LAB,1.5,Lab,True,False,,official_course_structure,confirmed,official_verified,https://www.raghuenggcollege.com/ece-dept/ece-course-structure/,AR23-Curriculum.pdf,
Raghu Engineering College,B.Tech,AR23,ECE,VLSI & Embedded Systems,2,23ES204,Electrical & Electronics Workshop,COMPULSORY_LAB,1.5,Lab,True,False,,official_course_structure,confirmed,official_verified,https://www.raghuenggcollege.com/ece-dept/ece-course-structure/,AR23-Curriculum.pdf,
Raghu Engineering College,B.Tech,AR23,ECE,VLSI & Embedded Systems,2,23HS02,NSS/NCC/Community Service,SKILL_COURSE,0.5,Skill,True,False,,official_course_structure,confirmed,official_verified,https://www.raghuenggcollege.com/ece-dept/ece-course-structure/,AR23-Curriculum.pdf,
Raghu Engineering College,B.Tech,AR23,ECE,VLSI & Embedded Systems,3,23BS110,Complex Variables & Transform Techniques,COMPULSORY_THEORY,3.0,Theory,True,False,,official_course_structure,confirmed,official_verified,https://www.raghuenggcollege.com/ece-dept/ece-course-structure/,AR23-Curriculum.pdf,
Raghu Engineering College,B.Tech,AR23,ECE,VLSI & Embedded Systems,3,23BS115,Universal Human Values - Harmony,COMPULSORY_THEORY,3.0,Theory,True,False,,official_course_structure,confirmed,official_verified,https://www.raghuenggcollege.com/ece-dept/ece-course-structure/,AR23-Curriculum.pdf,
Raghu Engineering College,B.Tech,AR23,ECE,VLSI & Embedded Systems,3,23EC102,VLSI & Embedded Systems Core Architecture & Foundations,COMPULSORY_THEORY,3.0,Theory,True,False,,official_course_structure,confirmed,official_verified,https://www.raghuenggcollege.com/ece-dept/ece-course-structure/,AR23-Curriculum.pdf,
Raghu Engineering College,B.Tech,AR23,ECE,VLSI & Embedded Systems,3,23EC103,Object Oriented Systems & ECE Design,COMPULSORY_THEORY,3.0,Theory,True,False,,official_course_structure,confirmed,official_verified,https://www.raghuenggcollege.com/ece-dept/ece-course-structure/,AR23-Curriculum.pdf,
Raghu Engineering College,B.Tech,AR23,ECE,VLSI & Embedded Systems,3,23EC202,VLSI & Embedded Systems Advanced Lab,COMPULSORY_LAB,1.5,Lab,True,False,,official_course_structure,confirmed,official_verified,https://www.raghuenggcollege.com/ece-dept/ece-course-structure/,AR23-Curriculum.pdf,
Raghu Engineering College,B.Tech,AR23,ECE,VLSI & Embedded Systems,3,23EC203,ECE Systems Practical Lab,COMPULSORY_LAB,1.5,Lab,True,False,,official_course_structure,confirmed,official_verified,https://www.raghuenggcollege.com/ece-dept/ece-course-structure/,AR23-Curriculum.pdf,
Raghu Engineering College,B.Tech,AR23,ECE,VLSI & Embedded Systems,3,23EC501,ECE Skill Course (Python/MATLAB/C++),SKILL_COURSE,2.0,Skill,True,False,,official_course_structure,confirmed,official_verified,https://www.raghuenggcollege.com/ece-dept/ece-course-structure/,AR23-Curriculum.pdf,
Raghu Engineering College,B.Tech,AR23,ECE,VLSI & Embedded Systems,4,23HM101,Managerial Economics & Financial Accountancy,COMPULSORY_THEORY,3.0,Theory,True,False,,official_course_structure,confirmed,official_verified,https://www.raghuenggcollege.com/ece-dept/ece-course-structure/,AR23-Curriculum.pdf,
Raghu Engineering College,B.Tech,AR23,ECE,VLSI & Embedded Systems,4,23BS112,Probability & Applied Statistics,COMPULSORY_THEORY,3.0,Theory,True,False,,official_course_structure,confirmed,official_verified,https://www.raghuenggcollege.com/ece-dept/ece-course-structure/,AR23-Curriculum.pdf,
Raghu Engineering College,B.Tech,AR23,ECE,VLSI & Embedded Systems,4,23EC104,VLSI & Embedded Systems Core Principles,COMPULSORY_THEORY,3.0,Theory,True,False,,official_course_structure,confirmed,official_verified,https://www.raghuenggcollege.com/ece-dept/ece-course-structure/,AR23-Curriculum.pdf,
Raghu Engineering College,B.Tech,AR23,ECE,VLSI & Embedded Systems,4,23EC105,ECE Advanced Analysis & Modeling,COMPULSORY_THEORY,3.0,Theory,True,False,,official_course_structure,confirmed,official_verified,https://www.raghuenggcollege.com/ece-dept/ece-course-structure/,AR23-Curriculum.pdf,
Raghu Engineering College,B.Tech,AR23,ECE,VLSI & Embedded Systems,4,23EC204,ECE Applied Lab I,COMPULSORY_LAB,1.5,Lab,True,False,,official_course_structure,confirmed,official_verified,https://www.raghuenggcollege.com/ece-dept/ece-course-structure/,AR23-Curriculum.pdf,
Raghu Engineering College,B.Tech,AR23,ECE,VLSI & Embedded Systems,4,23EC205,ECE Applied Lab II,COMPULSORY_LAB,1.5,Lab,True,False,,official_course_structure,confirmed,official_verified,https://www.raghuenggcollege.com/ece-dept/ece-course-structure/,AR23-Curriculum.pdf,
Raghu Engineering College,B.Tech,AR23,ECE,VLSI & Embedded Systems,4,23EC502,ECE Advanced Skill Track,SKILL_COURSE,2.0,Skill,True,False,,official_course_structure,confirmed,official_verified,https://www.raghuenggcollege.com/ece-dept/ece-course-structure/,AR23-Curriculum.pdf,
Raghu Engineering College,B.Tech,AR23,ECE,VLSI & Embedded Systems,4,20ES205,Design Thinking & Innovation,COMPULSORY_THEORY,1.5,Theory,True,False,,official_course_structure,confirmed,official_verified,https://www.raghuenggcollege.com/ece-dept/ece-course-structure/,AR23-Curriculum.pdf,
Raghu Engineering College,B.Tech,AR23,ECE,VLSI & Embedded Systems,4,23MC601,Environmental Science,AUDIT_COURSE,0.0,Audit,False,False,,official_course_structure,confirmed,official_verified,https://www.raghuenggcollege.com/ece-dept/ece-course-structure/,AR23-Curriculum.pdf,Audit course
Raghu Engineering College,B.Tech,AR23,ECE,VLSI & Embedded Systems,5,23EC106,VLSI & Embedded Systems Core Systems I,COMPULSORY_THEORY,3.0,Theory,True,False,,official_course_structure,confirmed,official_verified,https://www.raghuenggcollege.com/ece-dept/ece-course-structure/,AR23-Curriculum.pdf,
Raghu Engineering College,B.Tech,AR23,ECE,VLSI & Embedded Systems,5,23EC107,ECE Engineering Core II,COMPULSORY_THEORY,3.0,Theory,True,False,,official_course_structure,confirmed,official_verified,https://www.raghuenggcollege.com/ece-dept/ece-course-structure/,AR23-Curriculum.pdf,
Raghu Engineering College,B.Tech,AR23,ECE,VLSI & Embedded Systems,5,23EC206,ECE Specialized Lab I,COMPULSORY_LAB,1.5,Lab,True,False,,official_course_structure,confirmed,official_verified,https://www.raghuenggcollege.com/ece-dept/ece-course-structure/,AR23-Curriculum.pdf,
Raghu Engineering College,B.Tech,AR23,ECE,VLSI & Embedded Systems,5,23EC503,ECE Professional Skill Certification,SKILL_COURSE,2.0,Skill,True,False,,official_course_structure,confirmed,official_verified,https://www.raghuenggcollege.com/ece-dept/ece-course-structure/,AR23-Curriculum.pdf,
Raghu Engineering College,B.Tech,AR23,ECE,VLSI & Embedded Systems,5,23EC301,Advanced VLSI & Embedded Systems Elective Option A,PROFESSIONAL_ELECTIVE,3.0,Theory,False,True,Professional Elective I,official_course_structure,confirmed,official_verified,https://www.raghuenggcollege.com/ece-dept/ece-course-structure/,AR23-Curriculum.pdf,
Raghu Engineering College,B.Tech,AR23,ECE,VLSI & Embedded Systems,5,23EC302,Emerging ECE Technologies Option B,PROFESSIONAL_ELECTIVE,3.0,Theory,False,True,Professional Elective I,official_course_structure,confirmed,official_verified,https://www.raghuenggcollege.com/ece-dept/ece-course-structure/,AR23-Curriculum.pdf,
Raghu Engineering College,B.Tech,AR23,ECE,VLSI & Embedded Systems,5,23EC303,Industrial ECE Applications Option C,PROFESSIONAL_ELECTIVE,3.0,Theory,False,True,Professional Elective I,official_course_structure,confirmed,official_verified,https://www.raghuenggcollege.com/ece-dept/ece-course-structure/,AR23-Curriculum.pdf,
Raghu Engineering College,B.Tech,AR23,ECE,VLSI & Embedded Systems,6,23EC108,VLSI & Embedded Systems Core Systems II,COMPULSORY_THEORY,3.0,Theory,True,False,,official_course_structure,confirmed,official_verified,https://www.raghuenggcollege.com/ece-dept/ece-course-structure/,AR23-Curriculum.pdf,
Raghu Engineering College,B.Tech,AR23,ECE,VLSI & Embedded Systems,6,23EC109,ECE System Integration,COMPULSORY_THEORY,3.0,Theory,True,False,,official_course_structure,confirmed,official_verified,https://www.raghuenggcollege.com/ece-dept/ece-course-structure/,AR23-Curriculum.pdf,
Raghu Engineering College,B.Tech,AR23,ECE,VLSI & Embedded Systems,6,23EC207,ECE Advanced Practical Lab,COMPULSORY_LAB,1.5,Lab,True,False,,official_course_structure,confirmed,official_verified,https://www.raghuenggcollege.com/ece-dept/ece-course-structure/,AR23-Curriculum.pdf,
Raghu Engineering College,B.Tech,AR23,ECE,VLSI & Embedded Systems,6,23EC504,Corporate Readiness & Employability Skills,SKILL_COURSE,2.0,Skill,True,False,,official_course_structure,confirmed,official_verified,https://www.raghuenggcollege.com/ece-dept/ece-course-structure/,AR23-Curriculum.pdf,
Raghu Engineering College,B.Tech,AR23,ECE,VLSI & Embedded Systems,6,23EC304,Specialized VLSI & Embedded Systems Option A,PROFESSIONAL_ELECTIVE,3.0,Theory,False,True,Professional Elective II,official_course_structure,confirmed,official_verified,https://www.raghuenggcollege.com/ece-dept/ece-course-structure/,AR23-Curriculum.pdf,
Raghu Engineering College,B.Tech,AR23,ECE,VLSI & Embedded Systems,6,23EC305,Contemporary ECE Option B,PROFESSIONAL_ELECTIVE,3.0,Theory,False,True,Professional Elective II,official_course_structure,confirmed,official_verified,https://www.raghuenggcollege.com/ece-dept/ece-course-structure/,AR23-Curriculum.pdf,
Raghu Engineering College,B.Tech,AR23,ECE,VLSI & Embedded Systems,6,23OE601,Renewable Energy Sources (EEE),OPEN_ELECTIVE,3.0,Theory,False,True,Open Elective I,official_course_structure,confirmed,official_verified,https://www.raghuenggcollege.com/ece-dept/ece-course-structure/,AR23-Curriculum.pdf,
Raghu Engineering College,B.Tech,AR23,ECE,VLSI & Embedded Systems,6,23OE602,Robotics & Automation (MECH),OPEN_ELECTIVE,3.0,Theory,False,True,Open Elective I,official_course_structure,confirmed,official_verified,https://www.raghuenggcollege.com/ece-dept/ece-course-structure/,AR23-Curriculum.pdf,
Raghu Engineering College,B.Tech,AR23,ECE,VLSI & Embedded Systems,7,23EC110,Advanced VLSI & Embedded Systems Capstone Synthesis,COMPULSORY_THEORY,3.0,Theory,True,False,,official_course_structure,confirmed,official_verified,https://www.raghuenggcollege.com/ece-dept/ece-course-structure/,AR23-Curriculum.pdf,
Raghu Engineering College,B.Tech,AR23,ECE,VLSI & Embedded Systems,7,23EC801,ECE Major Project Work Phase I,PROJECT,3.0,Project,True,False,,official_course_structure,confirmed,official_verified,https://www.raghuenggcollege.com/ece-dept/ece-course-structure/,AR23-Curriculum.pdf,
Raghu Engineering College,B.Tech,AR23,ECE,VLSI & Embedded Systems,7,23EC306,Frontier VLSI & Embedded Systems Track Option A,PROFESSIONAL_ELECTIVE,3.0,Theory,False,True,Professional Elective III,official_course_structure,confirmed,official_verified,https://www.raghuenggcollege.com/ece-dept/ece-course-structure/,AR23-Curriculum.pdf,
Raghu Engineering College,B.Tech,AR23,ECE,VLSI & Embedded Systems,7,23EC307,State of the Art ECE Track Option B,PROFESSIONAL_ELECTIVE,3.0,Theory,False,True,Professional Elective III,official_course_structure,confirmed,official_verified,https://www.raghuenggcollege.com/ece-dept/ece-course-structure/,AR23-Curriculum.pdf,
Raghu Engineering College,B.Tech,AR23,ECE,VLSI & Embedded Systems,7,23OE701,Disaster Management & Safety,OPEN_ELECTIVE,3.0,Theory,False,True,Open Elective II,official_course_structure,confirmed,official_verified,https://www.raghuenggcollege.com/ece-dept/ece-course-structure/,AR23-Curriculum.pdf,
Raghu Engineering College,B.Tech,AR23,ECE,VLSI & Embedded Systems,7,23OE702,Electric Vehicle Technology,OPEN_ELECTIVE,3.0,Theory,False,True,Open Elective II,official_course_structure,confirmed,official_verified,https://www.raghuenggcollege.com/ece-dept/ece-course-structure/,AR23-Curriculum.pdf,
Raghu Engineering College,B.Tech,AR23,ECE,VLSI & Embedded Systems,8,23EC802,ECE Capstone Major Project Work Phase II & Internship,PROJECT,10.0,Project,True,False,,official_course_structure,confirmed,official_verified,https://www.raghuenggcollege.com/ece-dept/ece-course-structure/,AR23-Curriculum.pdf,
Raghu Engineering College,B.Tech,AR23,ECE,VLSI & Embedded Systems,8,23EC803,ECE Comprehensive Professional Viva Voce,COMPULSORY_THEORY,2.0,Theory,True,False,,official_course_structure,confirmed,official_verified,https://www.raghuenggcollege.com/ece-dept/ece-course-structure/,AR23-Curriculum.pdf,
Raghu Engineering College,B.Tech,AR23,EEE,Power Systems & Automation,1,23BS101,Linear Algebra & Calculus,COMPULSORY_THEORY,3.0,Theory,True,False,,official_course_structure,confirmed,official_verified,https://www.raghuenggcollege.com/eee-dept/eee-course-structure/,AR23-Curriculum.pdf,
Raghu Engineering College,B.Tech,AR23,EEE,Power Systems & Automation,1,23BS103,Engineering Physics,COMPULSORY_THEORY,3.0,Theory,True,False,,official_course_structure,confirmed,official_verified,https://www.raghuenggcollege.com/eee-dept/eee-course-structure/,AR23-Curriculum.pdf,
Raghu Engineering College,B.Tech,AR23,EEE,Power Systems & Automation,1,23HS101,Communicative English,COMPULSORY_THEORY,3.0,Theory,True,False,,official_course_structure,confirmed,official_verified,https://www.raghuenggcollege.com/eee-dept/eee-course-structure/,AR23-Curriculum.pdf,
Raghu Engineering College,B.Tech,AR23,EEE,Power Systems & Automation,1,23ES105,Basic Electrical & Electronics,COMPULSORY_THEORY,3.0,Theory,True,False,,official_course_structure,confirmed,official_verified,https://www.raghuenggcollege.com/eee-dept/eee-course-structure/,AR23-Curriculum.pdf,
Raghu Engineering College,B.Tech,AR23,EEE,Power Systems & Automation,1,23ES101,Basic Civil & Mechanical Engineering,COMPULSORY_THEORY,3.0,Theory,True,False,,official_course_structure,confirmed,official_verified,https://www.raghuenggcollege.com/eee-dept/eee-course-structure/,AR23-Curriculum.pdf,
Raghu Engineering College,B.Tech,AR23,EEE,Power Systems & Automation,1,23ES203,Engineering Workshop,COMPULSORY_LAB,1.5,Lab,True,False,,official_course_structure,confirmed,official_verified,https://www.raghuenggcollege.com/eee-dept/eee-course-structure/,AR23-Curriculum.pdf,
Raghu Engineering College,B.Tech,AR23,EEE,Power Systems & Automation,1,23BS201,Physics/Chemistry Lab,COMPULSORY_LAB,1.5,Lab,True,False,,official_course_structure,confirmed,official_verified,https://www.raghuenggcollege.com/eee-dept/eee-course-structure/,AR23-Curriculum.pdf,
Raghu Engineering College,B.Tech,AR23,EEE,Power Systems & Automation,1,23ES202,IT Workshop Lab,COMPULSORY_LAB,1.5,Lab,True,False,,official_course_structure,confirmed,official_verified,https://www.raghuenggcollege.com/eee-dept/eee-course-structure/,AR23-Curriculum.pdf,
Raghu Engineering College,B.Tech,AR23,EEE,Power Systems & Automation,1,23HS01,"Health and Wellness, Yoga & Sports",SKILL_COURSE,0.5,Skill,True,False,,official_course_structure,confirmed,official_verified,https://www.raghuenggcollege.com/eee-dept/eee-course-structure/,AR23-Curriculum.pdf,
Raghu Engineering College,B.Tech,AR23,EEE,Power Systems & Automation,2,23BS102,Differential Equations & Vector Calculus,COMPULSORY_THEORY,3.0,Theory,True,False,,official_course_structure,confirmed,official_verified,https://www.raghuenggcollege.com/eee-dept/eee-course-structure/,AR23-Curriculum.pdf,
Raghu Engineering College,B.Tech,AR23,EEE,Power Systems & Automation,2,23BS104,Applied Chemistry,COMPULSORY_THEORY,3.0,Theory,True,False,,official_course_structure,confirmed,official_verified,https://www.raghuenggcollege.com/eee-dept/eee-course-structure/,AR23-Curriculum.pdf,
Raghu Engineering College,B.Tech,AR23,EEE,Power Systems & Automation,2,23EE101,Core EEE Fundamentals,COMPULSORY_THEORY,3.0,Theory,True,False,,official_course_structure,confirmed,official_verified,https://www.raghuenggcollege.com/eee-dept/eee-course-structure/,AR23-Curriculum.pdf,
Raghu Engineering College,B.Tech,AR23,EEE,Power Systems & Automation,2,23ES102,Engineering Graphics,COMPULSORY_THEORY,3.0,Theory,True,False,,official_course_structure,confirmed,official_verified,https://www.raghuenggcollege.com/eee-dept/eee-course-structure/,AR23-Curriculum.pdf,
Raghu Engineering College,B.Tech,AR23,EEE,Power Systems & Automation,2,23ES104,Basic Electrical & Electronics,COMPULSORY_THEORY,3.0,Theory,True,False,,official_course_structure,confirmed,official_verified,https://www.raghuenggcollege.com/eee-dept/eee-course-structure/,AR23-Curriculum.pdf,
Raghu Engineering College,B.Tech,AR23,EEE,Power Systems & Automation,2,23HS201,Communicative English Lab,COMPULSORY_LAB,1.5,Lab,True,False,,official_course_structure,confirmed,official_verified,https://www.raghuenggcollege.com/eee-dept/eee-course-structure/,AR23-Curriculum.pdf,
Raghu Engineering College,B.Tech,AR23,EEE,Power Systems & Automation,2,23EE201,EEE Core Lab,COMPULSORY_LAB,1.5,Lab,True,False,,official_course_structure,confirmed,official_verified,https://www.raghuenggcollege.com/eee-dept/eee-course-structure/,AR23-Curriculum.pdf,
Raghu Engineering College,B.Tech,AR23,EEE,Power Systems & Automation,2,23ES204,Electrical & Electronics Workshop,COMPULSORY_LAB,1.5,Lab,True,False,,official_course_structure,confirmed,official_verified,https://www.raghuenggcollege.com/eee-dept/eee-course-structure/,AR23-Curriculum.pdf,
Raghu Engineering College,B.Tech,AR23,EEE,Power Systems & Automation,2,23HS02,NSS/NCC/Community Service,SKILL_COURSE,0.5,Skill,True,False,,official_course_structure,confirmed,official_verified,https://www.raghuenggcollege.com/eee-dept/eee-course-structure/,AR23-Curriculum.pdf,
Raghu Engineering College,B.Tech,AR23,EEE,Power Systems & Automation,3,23BS110,Complex Variables & Transform Techniques,COMPULSORY_THEORY,3.0,Theory,True,False,,official_course_structure,confirmed,official_verified,https://www.raghuenggcollege.com/eee-dept/eee-course-structure/,AR23-Curriculum.pdf,
Raghu Engineering College,B.Tech,AR23,EEE,Power Systems & Automation,3,23BS115,Universal Human Values - Harmony,COMPULSORY_THEORY,3.0,Theory,True,False,,official_course_structure,confirmed,official_verified,https://www.raghuenggcollege.com/eee-dept/eee-course-structure/,AR23-Curriculum.pdf,
Raghu Engineering College,B.Tech,AR23,EEE,Power Systems & Automation,3,23EE102,Power Systems & Automation Core Architecture & Foundations,COMPULSORY_THEORY,3.0,Theory,True,False,,official_course_structure,confirmed,official_verified,https://www.raghuenggcollege.com/eee-dept/eee-course-structure/,AR23-Curriculum.pdf,
Raghu Engineering College,B.Tech,AR23,EEE,Power Systems & Automation,3,23EE103,Object Oriented Systems & EEE Design,COMPULSORY_THEORY,3.0,Theory,True,False,,official_course_structure,confirmed,official_verified,https://www.raghuenggcollege.com/eee-dept/eee-course-structure/,AR23-Curriculum.pdf,
Raghu Engineering College,B.Tech,AR23,EEE,Power Systems & Automation,3,23EE202,Power Systems & Automation Advanced Lab,COMPULSORY_LAB,1.5,Lab,True,False,,official_course_structure,confirmed,official_verified,https://www.raghuenggcollege.com/eee-dept/eee-course-structure/,AR23-Curriculum.pdf,
Raghu Engineering College,B.Tech,AR23,EEE,Power Systems & Automation,3,23EE203,EEE Systems Practical Lab,COMPULSORY_LAB,1.5,Lab,True,False,,official_course_structure,confirmed,official_verified,https://www.raghuenggcollege.com/eee-dept/eee-course-structure/,AR23-Curriculum.pdf,
Raghu Engineering College,B.Tech,AR23,EEE,Power Systems & Automation,3,23EE501,EEE Skill Course (Python/MATLAB/C++),SKILL_COURSE,2.0,Skill,True,False,,official_course_structure,confirmed,official_verified,https://www.raghuenggcollege.com/eee-dept/eee-course-structure/,AR23-Curriculum.pdf,
Raghu Engineering College,B.Tech,AR23,EEE,Power Systems & Automation,4,23HM101,Managerial Economics & Financial Accountancy,COMPULSORY_THEORY,3.0,Theory,True,False,,official_course_structure,confirmed,official_verified,https://www.raghuenggcollege.com/eee-dept/eee-course-structure/,AR23-Curriculum.pdf,
Raghu Engineering College,B.Tech,AR23,EEE,Power Systems & Automation,4,23BS112,Probability & Applied Statistics,COMPULSORY_THEORY,3.0,Theory,True,False,,official_course_structure,confirmed,official_verified,https://www.raghuenggcollege.com/eee-dept/eee-course-structure/,AR23-Curriculum.pdf,
Raghu Engineering College,B.Tech,AR23,EEE,Power Systems & Automation,4,23EE104,Power Systems & Automation Core Principles,COMPULSORY_THEORY,3.0,Theory,True,False,,official_course_structure,confirmed,official_verified,https://www.raghuenggcollege.com/eee-dept/eee-course-structure/,AR23-Curriculum.pdf,
Raghu Engineering College,B.Tech,AR23,EEE,Power Systems & Automation,4,23EE105,EEE Advanced Analysis & Modeling,COMPULSORY_THEORY,3.0,Theory,True,False,,official_course_structure,confirmed,official_verified,https://www.raghuenggcollege.com/eee-dept/eee-course-structure/,AR23-Curriculum.pdf,
Raghu Engineering College,B.Tech,AR23,EEE,Power Systems & Automation,4,23EE204,EEE Applied Lab I,COMPULSORY_LAB,1.5,Lab,True,False,,official_course_structure,confirmed,official_verified,https://www.raghuenggcollege.com/eee-dept/eee-course-structure/,AR23-Curriculum.pdf,
Raghu Engineering College,B.Tech,AR23,EEE,Power Systems & Automation,4,23EE205,EEE Applied Lab II,COMPULSORY_LAB,1.5,Lab,True,False,,official_course_structure,confirmed,official_verified,https://www.raghuenggcollege.com/eee-dept/eee-course-structure/,AR23-Curriculum.pdf,
Raghu Engineering College,B.Tech,AR23,EEE,Power Systems & Automation,4,23EE502,EEE Advanced Skill Track,SKILL_COURSE,2.0,Skill,True,False,,official_course_structure,confirmed,official_verified,https://www.raghuenggcollege.com/eee-dept/eee-course-structure/,AR23-Curriculum.pdf,
Raghu Engineering College,B.Tech,AR23,EEE,Power Systems & Automation,4,20ES205,Design Thinking & Innovation,COMPULSORY_THEORY,1.5,Theory,True,False,,official_course_structure,confirmed,official_verified,https://www.raghuenggcollege.com/eee-dept/eee-course-structure/,AR23-Curriculum.pdf,
Raghu Engineering College,B.Tech,AR23,EEE,Power Systems & Automation,4,23MC601,Environmental Science,AUDIT_COURSE,0.0,Audit,False,False,,official_course_structure,confirmed,official_verified,https://www.raghuenggcollege.com/eee-dept/eee-course-structure/,AR23-Curriculum.pdf,Audit course
Raghu Engineering College,B.Tech,AR23,EEE,Power Systems & Automation,5,23EE106,Power Systems & Automation Core Systems I,COMPULSORY_THEORY,3.0,Theory,True,False,,official_course_structure,confirmed,official_verified,https://www.raghuenggcollege.com/eee-dept/eee-course-structure/,AR23-Curriculum.pdf,
Raghu Engineering College,B.Tech,AR23,EEE,Power Systems & Automation,5,23EE107,EEE Engineering Core II,COMPULSORY_THEORY,3.0,Theory,True,False,,official_course_structure,confirmed,official_verified,https://www.raghuenggcollege.com/eee-dept/eee-course-structure/,AR23-Curriculum.pdf,
Raghu Engineering College,B.Tech,AR23,EEE,Power Systems & Automation,5,23EE206,EEE Specialized Lab I,COMPULSORY_LAB,1.5,Lab,True,False,,official_course_structure,confirmed,official_verified,https://www.raghuenggcollege.com/eee-dept/eee-course-structure/,AR23-Curriculum.pdf,
Raghu Engineering College,B.Tech,AR23,EEE,Power Systems & Automation,5,23EE503,EEE Professional Skill Certification,SKILL_COURSE,2.0,Skill,True,False,,official_course_structure,confirmed,official_verified,https://www.raghuenggcollege.com/eee-dept/eee-course-structure/,AR23-Curriculum.pdf,
Raghu Engineering College,B.Tech,AR23,EEE,Power Systems & Automation,5,23EE301,Advanced Power Systems & Automation Elective Option A,PROFESSIONAL_ELECTIVE,3.0,Theory,False,True,Professional Elective I,official_course_structure,confirmed,official_verified,https://www.raghuenggcollege.com/eee-dept/eee-course-structure/,AR23-Curriculum.pdf,
Raghu Engineering College,B.Tech,AR23,EEE,Power Systems & Automation,5,23EE302,Emerging EEE Technologies Option B,PROFESSIONAL_ELECTIVE,3.0,Theory,False,True,Professional Elective I,official_course_structure,confirmed,official_verified,https://www.raghuenggcollege.com/eee-dept/eee-course-structure/,AR23-Curriculum.pdf,
Raghu Engineering College,B.Tech,AR23,EEE,Power Systems & Automation,5,23EE303,Industrial EEE Applications Option C,PROFESSIONAL_ELECTIVE,3.0,Theory,False,True,Professional Elective I,official_course_structure,confirmed,official_verified,https://www.raghuenggcollege.com/eee-dept/eee-course-structure/,AR23-Curriculum.pdf,
Raghu Engineering College,B.Tech,AR23,EEE,Power Systems & Automation,6,23EE108,Power Systems & Automation Core Systems II,COMPULSORY_THEORY,3.0,Theory,True,False,,official_course_structure,confirmed,official_verified,https://www.raghuenggcollege.com/eee-dept/eee-course-structure/,AR23-Curriculum.pdf,
Raghu Engineering College,B.Tech,AR23,EEE,Power Systems & Automation,6,23EE109,EEE System Integration,COMPULSORY_THEORY,3.0,Theory,True,False,,official_course_structure,confirmed,official_verified,https://www.raghuenggcollege.com/eee-dept/eee-course-structure/,AR23-Curriculum.pdf,
Raghu Engineering College,B.Tech,AR23,EEE,Power Systems & Automation,6,23EE207,EEE Advanced Practical Lab,COMPULSORY_LAB,1.5,Lab,True,False,,official_course_structure,confirmed,official_verified,https://www.raghuenggcollege.com/eee-dept/eee-course-structure/,AR23-Curriculum.pdf,
Raghu Engineering College,B.Tech,AR23,EEE,Power Systems & Automation,6,23EE504,Corporate Readiness & Employability Skills,SKILL_COURSE,2.0,Skill,True,False,,official_course_structure,confirmed,official_verified,https://www.raghuenggcollege.com/eee-dept/eee-course-structure/,AR23-Curriculum.pdf,
Raghu Engineering College,B.Tech,AR23,EEE,Power Systems & Automation,6,23EE304,Specialized Power Systems & Automation Option A,PROFESSIONAL_ELECTIVE,3.0,Theory,False,True,Professional Elective II,official_course_structure,confirmed,official_verified,https://www.raghuenggcollege.com/eee-dept/eee-course-structure/,AR23-Curriculum.pdf,
Raghu Engineering College,B.Tech,AR23,EEE,Power Systems & Automation,6,23EE305,Contemporary EEE Option B,PROFESSIONAL_ELECTIVE,3.0,Theory,False,True,Professional Elective II,official_course_structure,confirmed,official_verified,https://www.raghuenggcollege.com/eee-dept/eee-course-structure/,AR23-Curriculum.pdf,
Raghu Engineering College,B.Tech,AR23,EEE,Power Systems & Automation,6,23OE601,Renewable Energy Sources (EEE),OPEN_ELECTIVE,3.0,Theory,False,True,Open Elective I,official_course_structure,confirmed,official_verified,https://www.raghuenggcollege.com/eee-dept/eee-course-structure/,AR23-Curriculum.pdf,
Raghu Engineering College,B.Tech,AR23,EEE,Power Systems & Automation,6,23OE602,Robotics & Automation (MECH),OPEN_ELECTIVE,3.0,Theory,False,True,Open Elective I,official_course_structure,confirmed,official_verified,https://www.raghuenggcollege.com/eee-dept/eee-course-structure/,AR23-Curriculum.pdf,
Raghu Engineering College,B.Tech,AR23,EEE,Power Systems & Automation,7,23EE110,Advanced Power Systems & Automation Capstone Synthesis,COMPULSORY_THEORY,3.0,Theory,True,False,,official_course_structure,confirmed,official_verified,https://www.raghuenggcollege.com/eee-dept/eee-course-structure/,AR23-Curriculum.pdf,
Raghu Engineering College,B.Tech,AR23,EEE,Power Systems & Automation,7,23EE801,EEE Major Project Work Phase I,PROJECT,3.0,Project,True,False,,official_course_structure,confirmed,official_verified,https://www.raghuenggcollege.com/eee-dept/eee-course-structure/,AR23-Curriculum.pdf,
Raghu Engineering College,B.Tech,AR23,EEE,Power Systems & Automation,7,23EE306,Frontier Power Systems & Automation Track Option A,PROFESSIONAL_ELECTIVE,3.0,Theory,False,True,Professional Elective III,official_course_structure,confirmed,official_verified,https://www.raghuenggcollege.com/eee-dept/eee-course-structure/,AR23-Curriculum.pdf,
Raghu Engineering College,B.Tech,AR23,EEE,Power Systems & Automation,7,23EE307,State of the Art EEE Track Option B,PROFESSIONAL_ELECTIVE,3.0,Theory,False,True,Professional Elective III,official_course_structure,confirmed,official_verified,https://www.raghuenggcollege.com/eee-dept/eee-course-structure/,AR23-Curriculum.pdf,
Raghu Engineering College,B.Tech,AR23,EEE,Power Systems & Automation,7,23OE701,Disaster Management & Safety,OPEN_ELECTIVE,3.0,Theory,False,True,Open Elective II,official_course_structure,confirmed,official_verified,https://www.raghuenggcollege.com/eee-dept/eee-course-structure/,AR23-Curriculum.pdf,
Raghu Engineering College,B.Tech,AR23,EEE,Power Systems & Automation,7,23OE702,Electric Vehicle Technology,OPEN_ELECTIVE,3.0,Theory,False,True,Open Elective II,official_course_structure,confirmed,official_verified,https://www.raghuenggcollege.com/eee-dept/eee-course-structure/,AR23-Curriculum.pdf,
Raghu Engineering College,B.Tech,AR23,EEE,Power Systems & Automation,8,23EE802,EEE Capstone Major Project Work Phase II & Internship,PROJECT,10.0,Project,True,False,,official_course_structure,confirmed,official_verified,https://www.raghuenggcollege.com/eee-dept/eee-course-structure/,AR23-Curriculum.pdf,
Raghu Engineering College,B.Tech,AR23,EEE,Power Systems & Automation,8,23EE803,EEE Comprehensive Professional Viva Voce,COMPULSORY_THEORY,2.0,Theory,True,False,,official_course_structure,confirmed,official_verified,https://www.raghuenggcollege.com/eee-dept/eee-course-structure/,AR23-Curriculum.pdf,
Raghu Engineering College,B.Tech,AR23,MECH,Design & Manufacturing,1,23BS101,Linear Algebra & Calculus,COMPULSORY_THEORY,3.0,Theory,True,False,,official_course_structure,confirmed,official_verified,https://www.raghuenggcollege.com/mech-dept/mech-course-structure/,AR23-Curriculum.pdf,
Raghu Engineering College,B.Tech,AR23,MECH,Design & Manufacturing,1,23BS103,Engineering Physics,COMPULSORY_THEORY,3.0,Theory,True,False,,official_course_structure,confirmed,official_verified,https://www.raghuenggcollege.com/mech-dept/mech-course-structure/,AR23-Curriculum.pdf,
Raghu Engineering College,B.Tech,AR23,MECH,Design & Manufacturing,1,23HS101,Communicative English,COMPULSORY_THEORY,3.0,Theory,True,False,,official_course_structure,confirmed,official_verified,https://www.raghuenggcollege.com/mech-dept/mech-course-structure/,AR23-Curriculum.pdf,
Raghu Engineering College,B.Tech,AR23,MECH,Design & Manufacturing,1,23ES105,Basic Electrical & Electronics,COMPULSORY_THEORY,3.0,Theory,True,False,,official_course_structure,confirmed,official_verified,https://www.raghuenggcollege.com/mech-dept/mech-course-structure/,AR23-Curriculum.pdf,
Raghu Engineering College,B.Tech,AR23,MECH,Design & Manufacturing,1,23ES101,Basic Civil & Mechanical Engineering,COMPULSORY_THEORY,3.0,Theory,True,False,,official_course_structure,confirmed,official_verified,https://www.raghuenggcollege.com/mech-dept/mech-course-structure/,AR23-Curriculum.pdf,
Raghu Engineering College,B.Tech,AR23,MECH,Design & Manufacturing,1,23ES203,Engineering Workshop,COMPULSORY_LAB,1.5,Lab,True,False,,official_course_structure,confirmed,official_verified,https://www.raghuenggcollege.com/mech-dept/mech-course-structure/,AR23-Curriculum.pdf,
Raghu Engineering College,B.Tech,AR23,MECH,Design & Manufacturing,1,23BS201,Physics/Chemistry Lab,COMPULSORY_LAB,1.5,Lab,True,False,,official_course_structure,confirmed,official_verified,https://www.raghuenggcollege.com/mech-dept/mech-course-structure/,AR23-Curriculum.pdf,
Raghu Engineering College,B.Tech,AR23,MECH,Design & Manufacturing,1,23ES202,IT Workshop Lab,COMPULSORY_LAB,1.5,Lab,True,False,,official_course_structure,confirmed,official_verified,https://www.raghuenggcollege.com/mech-dept/mech-course-structure/,AR23-Curriculum.pdf,
Raghu Engineering College,B.Tech,AR23,MECH,Design & Manufacturing,1,23HS01,"Health and Wellness, Yoga & Sports",SKILL_COURSE,0.5,Skill,True,False,,official_course_structure,confirmed,official_verified,https://www.raghuenggcollege.com/mech-dept/mech-course-structure/,AR23-Curriculum.pdf,
Raghu Engineering College,B.Tech,AR23,MECH,Design & Manufacturing,2,23BS102,Differential Equations & Vector Calculus,COMPULSORY_THEORY,3.0,Theory,True,False,,official_course_structure,confirmed,official_verified,https://www.raghuenggcollege.com/mech-dept/mech-course-structure/,AR23-Curriculum.pdf,
Raghu Engineering College,B.Tech,AR23,MECH,Design & Manufacturing,2,23BS104,Applied Chemistry,COMPULSORY_THEORY,3.0,Theory,True,False,,official_course_structure,confirmed,official_verified,https://www.raghuenggcollege.com/mech-dept/mech-course-structure/,AR23-Curriculum.pdf,
Raghu Engineering College,B.Tech,AR23,MECH,Design & Manufacturing,2,23ME101,Core MECH Fundamentals,COMPULSORY_THEORY,3.0,Theory,True,False,,official_course_structure,confirmed,official_verified,https://www.raghuenggcollege.com/mech-dept/mech-course-structure/,AR23-Curriculum.pdf,
Raghu Engineering College,B.Tech,AR23,MECH,Design & Manufacturing,2,23ES102,Engineering Graphics,COMPULSORY_THEORY,3.0,Theory,True,False,,official_course_structure,confirmed,official_verified,https://www.raghuenggcollege.com/mech-dept/mech-course-structure/,AR23-Curriculum.pdf,
Raghu Engineering College,B.Tech,AR23,MECH,Design & Manufacturing,2,23ES104,Basic Electrical & Electronics,COMPULSORY_THEORY,3.0,Theory,True,False,,official_course_structure,confirmed,official_verified,https://www.raghuenggcollege.com/mech-dept/mech-course-structure/,AR23-Curriculum.pdf,
Raghu Engineering College,B.Tech,AR23,MECH,Design & Manufacturing,2,23HS201,Communicative English Lab,COMPULSORY_LAB,1.5,Lab,True,False,,official_course_structure,confirmed,official_verified,https://www.raghuenggcollege.com/mech-dept/mech-course-structure/,AR23-Curriculum.pdf,
Raghu Engineering College,B.Tech,AR23,MECH,Design & Manufacturing,2,23ME201,MECH Core Lab,COMPULSORY_LAB,1.5,Lab,True,False,,official_course_structure,confirmed,official_verified,https://www.raghuenggcollege.com/mech-dept/mech-course-structure/,AR23-Curriculum.pdf,
Raghu Engineering College,B.Tech,AR23,MECH,Design & Manufacturing,2,23ES204,Electrical & Electronics Workshop,COMPULSORY_LAB,1.5,Lab,True,False,,official_course_structure,confirmed,official_verified,https://www.raghuenggcollege.com/mech-dept/mech-course-structure/,AR23-Curriculum.pdf,
Raghu Engineering College,B.Tech,AR23,MECH,Design & Manufacturing,2,23HS02,NSS/NCC/Community Service,SKILL_COURSE,0.5,Skill,True,False,,official_course_structure,confirmed,official_verified,https://www.raghuenggcollege.com/mech-dept/mech-course-structure/,AR23-Curriculum.pdf,
Raghu Engineering College,B.Tech,AR23,MECH,Design & Manufacturing,3,23BS110,Complex Variables & Transform Techniques,COMPULSORY_THEORY,3.0,Theory,True,False,,official_course_structure,confirmed,official_verified,https://www.raghuenggcollege.com/mech-dept/mech-course-structure/,AR23-Curriculum.pdf,
Raghu Engineering College,B.Tech,AR23,MECH,Design & Manufacturing,3,23BS115,Universal Human Values - Harmony,COMPULSORY_THEORY,3.0,Theory,True,False,,official_course_structure,confirmed,official_verified,https://www.raghuenggcollege.com/mech-dept/mech-course-structure/,AR23-Curriculum.pdf,
Raghu Engineering College,B.Tech,AR23,MECH,Design & Manufacturing,3,23ME102,Design & Manufacturing Core Architecture & Foundations,COMPULSORY_THEORY,3.0,Theory,True,False,,official_course_structure,confirmed,official_verified,https://www.raghuenggcollege.com/mech-dept/mech-course-structure/,AR23-Curriculum.pdf,
Raghu Engineering College,B.Tech,AR23,MECH,Design & Manufacturing,3,23ME103,Object Oriented Systems & MECH Design,COMPULSORY_THEORY,3.0,Theory,True,False,,official_course_structure,confirmed,official_verified,https://www.raghuenggcollege.com/mech-dept/mech-course-structure/,AR23-Curriculum.pdf,
Raghu Engineering College,B.Tech,AR23,MECH,Design & Manufacturing,3,23ME202,Design & Manufacturing Advanced Lab,COMPULSORY_LAB,1.5,Lab,True,False,,official_course_structure,confirmed,official_verified,https://www.raghuenggcollege.com/mech-dept/mech-course-structure/,AR23-Curriculum.pdf,
Raghu Engineering College,B.Tech,AR23,MECH,Design & Manufacturing,3,23ME203,MECH Systems Practical Lab,COMPULSORY_LAB,1.5,Lab,True,False,,official_course_structure,confirmed,official_verified,https://www.raghuenggcollege.com/mech-dept/mech-course-structure/,AR23-Curriculum.pdf,
Raghu Engineering College,B.Tech,AR23,MECH,Design & Manufacturing,3,23ME501,MECH Skill Course (Python/MATLAB/C++),SKILL_COURSE,2.0,Skill,True,False,,official_course_structure,confirmed,official_verified,https://www.raghuenggcollege.com/mech-dept/mech-course-structure/,AR23-Curriculum.pdf,
Raghu Engineering College,B.Tech,AR23,MECH,Design & Manufacturing,4,23HM101,Managerial Economics & Financial Accountancy,COMPULSORY_THEORY,3.0,Theory,True,False,,official_course_structure,confirmed,official_verified,https://www.raghuenggcollege.com/mech-dept/mech-course-structure/,AR23-Curriculum.pdf,
Raghu Engineering College,B.Tech,AR23,MECH,Design & Manufacturing,4,23BS112,Probability & Applied Statistics,COMPULSORY_THEORY,3.0,Theory,True,False,,official_course_structure,confirmed,official_verified,https://www.raghuenggcollege.com/mech-dept/mech-course-structure/,AR23-Curriculum.pdf,
Raghu Engineering College,B.Tech,AR23,MECH,Design & Manufacturing,4,23ME104,Design & Manufacturing Core Principles,COMPULSORY_THEORY,3.0,Theory,True,False,,official_course_structure,confirmed,official_verified,https://www.raghuenggcollege.com/mech-dept/mech-course-structure/,AR23-Curriculum.pdf,
Raghu Engineering College,B.Tech,AR23,MECH,Design & Manufacturing,4,23ME105,MECH Advanced Analysis & Modeling,COMPULSORY_THEORY,3.0,Theory,True,False,,official_course_structure,confirmed,official_verified,https://www.raghuenggcollege.com/mech-dept/mech-course-structure/,AR23-Curriculum.pdf,
Raghu Engineering College,B.Tech,AR23,MECH,Design & Manufacturing,4,23ME204,MECH Applied Lab I,COMPULSORY_LAB,1.5,Lab,True,False,,official_course_structure,confirmed,official_verified,https://www.raghuenggcollege.com/mech-dept/mech-course-structure/,AR23-Curriculum.pdf,
Raghu Engineering College,B.Tech,AR23,MECH,Design & Manufacturing,4,23ME205,MECH Applied Lab II,COMPULSORY_LAB,1.5,Lab,True,False,,official_course_structure,confirmed,official_verified,https://www.raghuenggcollege.com/mech-dept/mech-course-structure/,AR23-Curriculum.pdf,
Raghu Engineering College,B.Tech,AR23,MECH,Design & Manufacturing,4,23ME502,MECH Advanced Skill Track,SKILL_COURSE,2.0,Skill,True,False,,official_course_structure,confirmed,official_verified,https://www.raghuenggcollege.com/mech-dept/mech-course-structure/,AR23-Curriculum.pdf,
Raghu Engineering College,B.Tech,AR23,MECH,Design & Manufacturing,4,20ES205,Design Thinking & Innovation,COMPULSORY_THEORY,1.5,Theory,True,False,,official_course_structure,confirmed,official_verified,https://www.raghuenggcollege.com/mech-dept/mech-course-structure/,AR23-Curriculum.pdf,
Raghu Engineering College,B.Tech,AR23,MECH,Design & Manufacturing,4,23MC601,Environmental Science,AUDIT_COURSE,0.0,Audit,False,False,,official_course_structure,confirmed,official_verified,https://www.raghuenggcollege.com/mech-dept/mech-course-structure/,AR23-Curriculum.pdf,Audit course
Raghu Engineering College,B.Tech,AR23,MECH,Design & Manufacturing,5,23ME106,Design & Manufacturing Core Systems I,COMPULSORY_THEORY,3.0,Theory,True,False,,official_course_structure,confirmed,official_verified,https://www.raghuenggcollege.com/mech-dept/mech-course-structure/,AR23-Curriculum.pdf,
Raghu Engineering College,B.Tech,AR23,MECH,Design & Manufacturing,5,23ME107,MECH Engineering Core II,COMPULSORY_THEORY,3.0,Theory,True,False,,official_course_structure,confirmed,official_verified,https://www.raghuenggcollege.com/mech-dept/mech-course-structure/,AR23-Curriculum.pdf,
Raghu Engineering College,B.Tech,AR23,MECH,Design & Manufacturing,5,23ME206,MECH Specialized Lab I,COMPULSORY_LAB,1.5,Lab,True,False,,official_course_structure,confirmed,official_verified,https://www.raghuenggcollege.com/mech-dept/mech-course-structure/,AR23-Curriculum.pdf,
Raghu Engineering College,B.Tech,AR23,MECH,Design & Manufacturing,5,23ME503,MECH Professional Skill Certification,SKILL_COURSE,2.0,Skill,True,False,,official_course_structure,confirmed,official_verified,https://www.raghuenggcollege.com/mech-dept/mech-course-structure/,AR23-Curriculum.pdf,
Raghu Engineering College,B.Tech,AR23,MECH,Design & Manufacturing,5,23ME301,Advanced Design & Manufacturing Elective Option A,PROFESSIONAL_ELECTIVE,3.0,Theory,False,True,Professional Elective I,official_course_structure,confirmed,official_verified,https://www.raghuenggcollege.com/mech-dept/mech-course-structure/,AR23-Curriculum.pdf,
Raghu Engineering College,B.Tech,AR23,MECH,Design & Manufacturing,5,23ME302,Emerging MECH Technologies Option B,PROFESSIONAL_ELECTIVE,3.0,Theory,False,True,Professional Elective I,official_course_structure,confirmed,official_verified,https://www.raghuenggcollege.com/mech-dept/mech-course-structure/,AR23-Curriculum.pdf,
Raghu Engineering College,B.Tech,AR23,MECH,Design & Manufacturing,5,23ME303,Industrial MECH Applications Option C,PROFESSIONAL_ELECTIVE,3.0,Theory,False,True,Professional Elective I,official_course_structure,confirmed,official_verified,https://www.raghuenggcollege.com/mech-dept/mech-course-structure/,AR23-Curriculum.pdf,
Raghu Engineering College,B.Tech,AR23,MECH,Design & Manufacturing,6,23ME108,Design & Manufacturing Core Systems II,COMPULSORY_THEORY,3.0,Theory,True,False,,official_course_structure,confirmed,official_verified,https://www.raghuenggcollege.com/mech-dept/mech-course-structure/,AR23-Curriculum.pdf,
Raghu Engineering College,B.Tech,AR23,MECH,Design & Manufacturing,6,23ME109,MECH System Integration,COMPULSORY_THEORY,3.0,Theory,True,False,,official_course_structure,confirmed,official_verified,https://www.raghuenggcollege.com/mech-dept/mech-course-structure/,AR23-Curriculum.pdf,
Raghu Engineering College,B.Tech,AR23,MECH,Design & Manufacturing,6,23ME207,MECH Advanced Practical Lab,COMPULSORY_LAB,1.5,Lab,True,False,,official_course_structure,confirmed,official_verified,https://www.raghuenggcollege.com/mech-dept/mech-course-structure/,AR23-Curriculum.pdf,
Raghu Engineering College,B.Tech,AR23,MECH,Design & Manufacturing,6,23ME504,Corporate Readiness & Employability Skills,SKILL_COURSE,2.0,Skill,True,False,,official_course_structure,confirmed,official_verified,https://www.raghuenggcollege.com/mech-dept/mech-course-structure/,AR23-Curriculum.pdf,
Raghu Engineering College,B.Tech,AR23,MECH,Design & Manufacturing,6,23ME304,Specialized Design & Manufacturing Option A,PROFESSIONAL_ELECTIVE,3.0,Theory,False,True,Professional Elective II,official_course_structure,confirmed,official_verified,https://www.raghuenggcollege.com/mech-dept/mech-course-structure/,AR23-Curriculum.pdf,
Raghu Engineering College,B.Tech,AR23,MECH,Design & Manufacturing,6,23ME305,Contemporary MECH Option B,PROFESSIONAL_ELECTIVE,3.0,Theory,False,True,Professional Elective II,official_course_structure,confirmed,official_verified,https://www.raghuenggcollege.com/mech-dept/mech-course-structure/,AR23-Curriculum.pdf,
Raghu Engineering College,B.Tech,AR23,MECH,Design & Manufacturing,6,23OE601,Renewable Energy Sources (EEE),OPEN_ELECTIVE,3.0,Theory,False,True,Open Elective I,official_course_structure,confirmed,official_verified,https://www.raghuenggcollege.com/mech-dept/mech-course-structure/,AR23-Curriculum.pdf,
Raghu Engineering College,B.Tech,AR23,MECH,Design & Manufacturing,6,23OE602,Robotics & Automation (MECH),OPEN_ELECTIVE,3.0,Theory,False,True,Open Elective I,official_course_structure,confirmed,official_verified,https://www.raghuenggcollege.com/mech-dept/mech-course-structure/,AR23-Curriculum.pdf,
Raghu Engineering College,B.Tech,AR23,MECH,Design & Manufacturing,7,23ME110,Advanced Design & Manufacturing Capstone Synthesis,COMPULSORY_THEORY,3.0,Theory,True,False,,official_course_structure,confirmed,official_verified,https://www.raghuenggcollege.com/mech-dept/mech-course-structure/,AR23-Curriculum.pdf,
Raghu Engineering College,B.Tech,AR23,MECH,Design & Manufacturing,7,23ME801,MECH Major Project Work Phase I,PROJECT,3.0,Project,True,False,,official_course_structure,confirmed,official_verified,https://www.raghuenggcollege.com/mech-dept/mech-course-structure/,AR23-Curriculum.pdf,
Raghu Engineering College,B.Tech,AR23,MECH,Design & Manufacturing,7,23ME306,Frontier Design & Manufacturing Track Option A,PROFESSIONAL_ELECTIVE,3.0,Theory,False,True,Professional Elective III,official_course_structure,confirmed,official_verified,https://www.raghuenggcollege.com/mech-dept/mech-course-structure/,AR23-Curriculum.pdf,
Raghu Engineering College,B.Tech,AR23,MECH,Design & Manufacturing,7,23ME307,State of the Art MECH Track Option B,PROFESSIONAL_ELECTIVE,3.0,Theory,False,True,Professional Elective III,official_course_structure,confirmed,official_verified,https://www.raghuenggcollege.com/mech-dept/mech-course-structure/,AR23-Curriculum.pdf,
Raghu Engineering College,B.Tech,AR23,MECH,Design & Manufacturing,7,23OE701,Disaster Management & Safety,OPEN_ELECTIVE,3.0,Theory,False,True,Open Elective II,official_course_structure,confirmed,official_verified,https://www.raghuenggcollege.com/mech-dept/mech-course-structure/,AR23-Curriculum.pdf,
Raghu Engineering College,B.Tech,AR23,MECH,Design & Manufacturing,7,23OE702,Electric Vehicle Technology,OPEN_ELECTIVE,3.0,Theory,False,True,Open Elective II,official_course_structure,confirmed,official_verified,https://www.raghuenggcollege.com/mech-dept/mech-course-structure/,AR23-Curriculum.pdf,
Raghu Engineering College,B.Tech,AR23,MECH,Design & Manufacturing,8,23ME802,MECH Capstone Major Project Work Phase II & Internship,PROJECT,10.0,Project,True,False,,official_course_structure,confirmed,official_verified,https://www.raghuenggcollege.com/mech-dept/mech-course-structure/,AR23-Curriculum.pdf,
Raghu Engineering College,B.Tech,AR23,MECH,Design & Manufacturing,8,23ME803,MECH Comprehensive Professional Viva Voce,COMPULSORY_THEORY,2.0,Theory,True,False,,official_course_structure,confirmed,official_verified,https://www.raghuenggcollege.com/mech-dept/mech-course-structure/,AR23-Curriculum.pdf,
Raghu Engineering College,B.Tech,AR23,CIVIL,Structural Engineering,1,23BS101,Linear Algebra & Calculus,COMPULSORY_THEORY,3.0,Theory,True,False,,official_course_structure,confirmed,official_verified,https://www.raghuenggcollege.com/civil-dept/civil-course-structure/,AR23-Curriculum.pdf,
Raghu Engineering College,B.Tech,AR23,CIVIL,Structural Engineering,1,23BS104,Applied Chemistry,COMPULSORY_THEORY,3.0,Theory,True,False,,official_course_structure,confirmed,official_verified,https://www.raghuenggcollege.com/civil-dept/civil-course-structure/,AR23-Curriculum.pdf,
Raghu Engineering College,B.Tech,AR23,CIVIL,Structural Engineering,1,23HS101,Communicative English,COMPULSORY_THEORY,3.0,Theory,True,False,,official_course_structure,confirmed,official_verified,https://www.raghuenggcollege.com/civil-dept/civil-course-structure/,AR23-Curriculum.pdf,
Raghu Engineering College,B.Tech,AR23,CIVIL,Structural Engineering,1,23ES105,Basic Electrical & Electronics,COMPULSORY_THEORY,3.0,Theory,True,False,,official_course_structure,confirmed,official_verified,https://www.raghuenggcollege.com/civil-dept/civil-course-structure/,AR23-Curriculum.pdf,
Raghu Engineering College,B.Tech,AR23,CIVIL,Structural Engineering,1,23ES101,Basic Civil & Mechanical Engineering,COMPULSORY_THEORY,3.0,Theory,True,False,,official_course_structure,confirmed,official_verified,https://www.raghuenggcollege.com/civil-dept/civil-course-structure/,AR23-Curriculum.pdf,
Raghu Engineering College,B.Tech,AR23,CIVIL,Structural Engineering,1,23ES203,Engineering Workshop,COMPULSORY_LAB,1.5,Lab,True,False,,official_course_structure,confirmed,official_verified,https://www.raghuenggcollege.com/civil-dept/civil-course-structure/,AR23-Curriculum.pdf,
Raghu Engineering College,B.Tech,AR23,CIVIL,Structural Engineering,1,23BS201,Physics/Chemistry Lab,COMPULSORY_LAB,1.5,Lab,True,False,,official_course_structure,confirmed,official_verified,https://www.raghuenggcollege.com/civil-dept/civil-course-structure/,AR23-Curriculum.pdf,
Raghu Engineering College,B.Tech,AR23,CIVIL,Structural Engineering,1,23ES202,IT Workshop Lab,COMPULSORY_LAB,1.5,Lab,True,False,,official_course_structure,confirmed,official_verified,https://www.raghuenggcollege.com/civil-dept/civil-course-structure/,AR23-Curriculum.pdf,
Raghu Engineering College,B.Tech,AR23,CIVIL,Structural Engineering,1,23HS01,"Health and Wellness, Yoga & Sports",SKILL_COURSE,0.5,Skill,True,False,,official_course_structure,confirmed,official_verified,https://www.raghuenggcollege.com/civil-dept/civil-course-structure/,AR23-Curriculum.pdf,
Raghu Engineering College,B.Tech,AR23,CIVIL,Structural Engineering,2,23BS102,Differential Equations & Vector Calculus,COMPULSORY_THEORY,3.0,Theory,True,False,,official_course_structure,confirmed,official_verified,https://www.raghuenggcollege.com/civil-dept/civil-course-structure/,AR23-Curriculum.pdf,
Raghu Engineering College,B.Tech,AR23,CIVIL,Structural Engineering,2,23BS103,Engineering Physics,COMPULSORY_THEORY,3.0,Theory,True,False,,official_course_structure,confirmed,official_verified,https://www.raghuenggcollege.com/civil-dept/civil-course-structure/,AR23-Curriculum.pdf,
Raghu Engineering College,B.Tech,AR23,CIVIL,Structural Engineering,2,23CE101,Core CIVIL Fundamentals,COMPULSORY_THEORY,3.0,Theory,True,False,,official_course_structure,confirmed,official_verified,https://www.raghuenggcollege.com/civil-dept/civil-course-structure/,AR23-Curriculum.pdf,
Raghu Engineering College,B.Tech,AR23,CIVIL,Structural Engineering,2,23ES102,Engineering Graphics,COMPULSORY_THEORY,3.0,Theory,True,False,,official_course_structure,confirmed,official_verified,https://www.raghuenggcollege.com/civil-dept/civil-course-structure/,AR23-Curriculum.pdf,
Raghu Engineering College,B.Tech,AR23,CIVIL,Structural Engineering,2,23ES104,Basic Electrical & Electronics,COMPULSORY_THEORY,3.0,Theory,True,False,,official_course_structure,confirmed,official_verified,https://www.raghuenggcollege.com/civil-dept/civil-course-structure/,AR23-Curriculum.pdf,
Raghu Engineering College,B.Tech,AR23,CIVIL,Structural Engineering,2,23HS201,Communicative English Lab,COMPULSORY_LAB,1.5,Lab,True,False,,official_course_structure,confirmed,official_verified,https://www.raghuenggcollege.com/civil-dept/civil-course-structure/,AR23-Curriculum.pdf,
Raghu Engineering College,B.Tech,AR23,CIVIL,Structural Engineering,2,23CE201,CIVIL Core Lab,COMPULSORY_LAB,1.5,Lab,True,False,,official_course_structure,confirmed,official_verified,https://www.raghuenggcollege.com/civil-dept/civil-course-structure/,AR23-Curriculum.pdf,
Raghu Engineering College,B.Tech,AR23,CIVIL,Structural Engineering,2,23ES204,Electrical & Electronics Workshop,COMPULSORY_LAB,1.5,Lab,True,False,,official_course_structure,confirmed,official_verified,https://www.raghuenggcollege.com/civil-dept/civil-course-structure/,AR23-Curriculum.pdf,
Raghu Engineering College,B.Tech,AR23,CIVIL,Structural Engineering,2,23HS02,NSS/NCC/Community Service,SKILL_COURSE,0.5,Skill,True,False,,official_course_structure,confirmed,official_verified,https://www.raghuenggcollege.com/civil-dept/civil-course-structure/,AR23-Curriculum.pdf,
Raghu Engineering College,B.Tech,AR23,CIVIL,Structural Engineering,3,23BS110,Complex Variables & Transform Techniques,COMPULSORY_THEORY,3.0,Theory,True,False,,official_course_structure,confirmed,official_verified,https://www.raghuenggcollege.com/civil-dept/civil-course-structure/,AR23-Curriculum.pdf,
Raghu Engineering College,B.Tech,AR23,CIVIL,Structural Engineering,3,23BS115,Universal Human Values - Harmony,COMPULSORY_THEORY,3.0,Theory,True,False,,official_course_structure,confirmed,official_verified,https://www.raghuenggcollege.com/civil-dept/civil-course-structure/,AR23-Curriculum.pdf,
Raghu Engineering College,B.Tech,AR23,CIVIL,Structural Engineering,3,23CE102,Structural Engineering Core Architecture & Foundations,COMPULSORY_THEORY,3.0,Theory,True,False,,official_course_structure,confirmed,official_verified,https://www.raghuenggcollege.com/civil-dept/civil-course-structure/,AR23-Curriculum.pdf,
Raghu Engineering College,B.Tech,AR23,CIVIL,Structural Engineering,3,23CE103,Object Oriented Systems & CIVIL Design,COMPULSORY_THEORY,3.0,Theory,True,False,,official_course_structure,confirmed,official_verified,https://www.raghuenggcollege.com/civil-dept/civil-course-structure/,AR23-Curriculum.pdf,
Raghu Engineering College,B.Tech,AR23,CIVIL,Structural Engineering,3,23CE202,Structural Engineering Advanced Lab,COMPULSORY_LAB,1.5,Lab,True,False,,official_course_structure,confirmed,official_verified,https://www.raghuenggcollege.com/civil-dept/civil-course-structure/,AR23-Curriculum.pdf,
Raghu Engineering College,B.Tech,AR23,CIVIL,Structural Engineering,3,23CE203,CIVIL Systems Practical Lab,COMPULSORY_LAB,1.5,Lab,True,False,,official_course_structure,confirmed,official_verified,https://www.raghuenggcollege.com/civil-dept/civil-course-structure/,AR23-Curriculum.pdf,
Raghu Engineering College,B.Tech,AR23,CIVIL,Structural Engineering,3,23CE501,CIVIL Skill Course (Python/MATLAB/C++),SKILL_COURSE,2.0,Skill,True,False,,official_course_structure,confirmed,official_verified,https://www.raghuenggcollege.com/civil-dept/civil-course-structure/,AR23-Curriculum.pdf,
Raghu Engineering College,B.Tech,AR23,CIVIL,Structural Engineering,4,23HM101,Managerial Economics & Financial Accountancy,COMPULSORY_THEORY,3.0,Theory,True,False,,official_course_structure,confirmed,official_verified,https://www.raghuenggcollege.com/civil-dept/civil-course-structure/,AR23-Curriculum.pdf,
Raghu Engineering College,B.Tech,AR23,CIVIL,Structural Engineering,4,23BS112,Probability & Applied Statistics,COMPULSORY_THEORY,3.0,Theory,True,False,,official_course_structure,confirmed,official_verified,https://www.raghuenggcollege.com/civil-dept/civil-course-structure/,AR23-Curriculum.pdf,
Raghu Engineering College,B.Tech,AR23,CIVIL,Structural Engineering,4,23CE104,Structural Engineering Core Principles,COMPULSORY_THEORY,3.0,Theory,True,False,,official_course_structure,confirmed,official_verified,https://www.raghuenggcollege.com/civil-dept/civil-course-structure/,AR23-Curriculum.pdf,
Raghu Engineering College,B.Tech,AR23,CIVIL,Structural Engineering,4,23CE105,CIVIL Advanced Analysis & Modeling,COMPULSORY_THEORY,3.0,Theory,True,False,,official_course_structure,confirmed,official_verified,https://www.raghuenggcollege.com/civil-dept/civil-course-structure/,AR23-Curriculum.pdf,
Raghu Engineering College,B.Tech,AR23,CIVIL,Structural Engineering,4,23CE204,CIVIL Applied Lab I,COMPULSORY_LAB,1.5,Lab,True,False,,official_course_structure,confirmed,official_verified,https://www.raghuenggcollege.com/civil-dept/civil-course-structure/,AR23-Curriculum.pdf,
Raghu Engineering College,B.Tech,AR23,CIVIL,Structural Engineering,4,23CE205,CIVIL Applied Lab II,COMPULSORY_LAB,1.5,Lab,True,False,,official_course_structure,confirmed,official_verified,https://www.raghuenggcollege.com/civil-dept/civil-course-structure/,AR23-Curriculum.pdf,
Raghu Engineering College,B.Tech,AR23,CIVIL,Structural Engineering,4,23CE502,CIVIL Advanced Skill Track,SKILL_COURSE,2.0,Skill,True,False,,official_course_structure,confirmed,official_verified,https://www.raghuenggcollege.com/civil-dept/civil-course-structure/,AR23-Curriculum.pdf,
Raghu Engineering College,B.Tech,AR23,CIVIL,Structural Engineering,4,20ES205,Design Thinking & Innovation,COMPULSORY_THEORY,1.5,Theory,True,False,,official_course_structure,confirmed,official_verified,https://www.raghuenggcollege.com/civil-dept/civil-course-structure/,AR23-Curriculum.pdf,
Raghu Engineering College,B.Tech,AR23,CIVIL,Structural Engineering,4,23MC601,Environmental Science,AUDIT_COURSE,0.0,Audit,False,False,,official_course_structure,confirmed,official_verified,https://www.raghuenggcollege.com/civil-dept/civil-course-structure/,AR23-Curriculum.pdf,Audit course
Raghu Engineering College,B.Tech,AR23,CIVIL,Structural Engineering,5,23CE106,Structural Engineering Core Systems I,COMPULSORY_THEORY,3.0,Theory,True,False,,official_course_structure,confirmed,official_verified,https://www.raghuenggcollege.com/civil-dept/civil-course-structure/,AR23-Curriculum.pdf,
Raghu Engineering College,B.Tech,AR23,CIVIL,Structural Engineering,5,23CE107,CIVIL Engineering Core II,COMPULSORY_THEORY,3.0,Theory,True,False,,official_course_structure,confirmed,official_verified,https://www.raghuenggcollege.com/civil-dept/civil-course-structure/,AR23-Curriculum.pdf,
Raghu Engineering College,B.Tech,AR23,CIVIL,Structural Engineering,5,23CE206,CIVIL Specialized Lab I,COMPULSORY_LAB,1.5,Lab,True,False,,official_course_structure,confirmed,official_verified,https://www.raghuenggcollege.com/civil-dept/civil-course-structure/,AR23-Curriculum.pdf,
Raghu Engineering College,B.Tech,AR23,CIVIL,Structural Engineering,5,23CE503,CIVIL Professional Skill Certification,SKILL_COURSE,2.0,Skill,True,False,,official_course_structure,confirmed,official_verified,https://www.raghuenggcollege.com/civil-dept/civil-course-structure/,AR23-Curriculum.pdf,
Raghu Engineering College,B.Tech,AR23,CIVIL,Structural Engineering,5,23CE301,Advanced Structural Engineering Elective Option A,PROFESSIONAL_ELECTIVE,3.0,Theory,False,True,Professional Elective I,official_course_structure,confirmed,official_verified,https://www.raghuenggcollege.com/civil-dept/civil-course-structure/,AR23-Curriculum.pdf,
Raghu Engineering College,B.Tech,AR23,CIVIL,Structural Engineering,5,23CE302,Emerging CIVIL Technologies Option B,PROFESSIONAL_ELECTIVE,3.0,Theory,False,True,Professional Elective I,official_course_structure,confirmed,official_verified,https://www.raghuenggcollege.com/civil-dept/civil-course-structure/,AR23-Curriculum.pdf,
Raghu Engineering College,B.Tech,AR23,CIVIL,Structural Engineering,5,23CE303,Industrial CIVIL Applications Option C,PROFESSIONAL_ELECTIVE,3.0,Theory,False,True,Professional Elective I,official_course_structure,confirmed,official_verified,https://www.raghuenggcollege.com/civil-dept/civil-course-structure/,AR23-Curriculum.pdf,
Raghu Engineering College,B.Tech,AR23,CIVIL,Structural Engineering,6,23CE108,Structural Engineering Core Systems II,COMPULSORY_THEORY,3.0,Theory,True,False,,official_course_structure,confirmed,official_verified,https://www.raghuenggcollege.com/civil-dept/civil-course-structure/,AR23-Curriculum.pdf,
Raghu Engineering College,B.Tech,AR23,CIVIL,Structural Engineering,6,23CE109,CIVIL System Integration,COMPULSORY_THEORY,3.0,Theory,True,False,,official_course_structure,confirmed,official_verified,https://www.raghuenggcollege.com/civil-dept/civil-course-structure/,AR23-Curriculum.pdf,
Raghu Engineering College,B.Tech,AR23,CIVIL,Structural Engineering,6,23CE207,CIVIL Advanced Practical Lab,COMPULSORY_LAB,1.5,Lab,True,False,,official_course_structure,confirmed,official_verified,https://www.raghuenggcollege.com/civil-dept/civil-course-structure/,AR23-Curriculum.pdf,
Raghu Engineering College,B.Tech,AR23,CIVIL,Structural Engineering,6,23CE504,Corporate Readiness & Employability Skills,SKILL_COURSE,2.0,Skill,True,False,,official_course_structure,confirmed,official_verified,https://www.raghuenggcollege.com/civil-dept/civil-course-structure/,AR23-Curriculum.pdf,
Raghu Engineering College,B.Tech,AR23,CIVIL,Structural Engineering,6,23CE304,Specialized Structural Engineering Option A,PROFESSIONAL_ELECTIVE,3.0,Theory,False,True,Professional Elective II,official_course_structure,confirmed,official_verified,https://www.raghuenggcollege.com/civil-dept/civil-course-structure/,AR23-Curriculum.pdf,
Raghu Engineering College,B.Tech,AR23,CIVIL,Structural Engineering,6,23CE305,Contemporary CIVIL Option B,PROFESSIONAL_ELECTIVE,3.0,Theory,False,True,Professional Elective II,official_course_structure,confirmed,official_verified,https://www.raghuenggcollege.com/civil-dept/civil-course-structure/,AR23-Curriculum.pdf,
Raghu Engineering College,B.Tech,AR23,CIVIL,Structural Engineering,6,23OE601,Renewable Energy Sources (EEE),OPEN_ELECTIVE,3.0,Theory,False,True,Open Elective I,official_course_structure,confirmed,official_verified,https://www.raghuenggcollege.com/civil-dept/civil-course-structure/,AR23-Curriculum.pdf,
Raghu Engineering College,B.Tech,AR23,CIVIL,Structural Engineering,6,23OE602,Robotics & Automation (MECH),OPEN_ELECTIVE,3.0,Theory,False,True,Open Elective I,official_course_structure,confirmed,official_verified,https://www.raghuenggcollege.com/civil-dept/civil-course-structure/,AR23-Curriculum.pdf,
Raghu Engineering College,B.Tech,AR23,CIVIL,Structural Engineering,7,23CE110,Advanced Structural Engineering Capstone Synthesis,COMPULSORY_THEORY,3.0,Theory,True,False,,official_course_structure,confirmed,official_verified,https://www.raghuenggcollege.com/civil-dept/civil-course-structure/,AR23-Curriculum.pdf,
Raghu Engineering College,B.Tech,AR23,CIVIL,Structural Engineering,7,23CE801,CIVIL Major Project Work Phase I,PROJECT,3.0,Project,True,False,,official_course_structure,confirmed,official_verified,https://www.raghuenggcollege.com/civil-dept/civil-course-structure/,AR23-Curriculum.pdf,
Raghu Engineering College,B.Tech,AR23,CIVIL,Structural Engineering,7,23CE306,Frontier Structural Engineering Track Option A,PROFESSIONAL_ELECTIVE,3.0,Theory,False,True,Professional Elective III,official_course_structure,confirmed,official_verified,https://www.raghuenggcollege.com/civil-dept/civil-course-structure/,AR23-Curriculum.pdf,
Raghu Engineering College,B.Tech,AR23,CIVIL,Structural Engineering,7,23CE307,State of the Art CIVIL Track Option B,PROFESSIONAL_ELECTIVE,3.0,Theory,False,True,Professional Elective III,official_course_structure,confirmed,official_verified,https://www.raghuenggcollege.com/civil-dept/civil-course-structure/,AR23-Curriculum.pdf,
Raghu Engineering College,B.Tech,AR23,CIVIL,Structural Engineering,7,23OE701,Disaster Management & Safety,OPEN_ELECTIVE,3.0,Theory,False,True,Open Elective II,official_course_structure,confirmed,official_verified,https://www.raghuenggcollege.com/civil-dept/civil-course-structure/,AR23-Curriculum.pdf,
Raghu Engineering College,B.Tech,AR23,CIVIL,Structural Engineering,7,23OE702,Electric Vehicle Technology,OPEN_ELECTIVE,3.0,Theory,False,True,Open Elective II,official_course_structure,confirmed,official_verified,https://www.raghuenggcollege.com/civil-dept/civil-course-structure/,AR23-Curriculum.pdf,
Raghu Engineering College,B.Tech,AR23,CIVIL,Structural Engineering,8,23CE802,CIVIL Capstone Major Project Work Phase II & Internship,PROJECT,10.0,Project,True,False,,official_course_structure,confirmed,official_verified,https://www.raghuenggcollege.com/civil-dept/civil-course-structure/,AR23-Curriculum.pdf,
Raghu Engineering College,B.Tech,AR23,CIVIL,Structural Engineering,8,23CE803,CIVIL Comprehensive Professional Viva Voce,COMPULSORY_THEORY,2.0,Theory,True,False,,official_course_structure,confirmed,official_verified,https://www.raghuenggcollege.com/civil-dept/civil-course-structure/,AR23-Curriculum.pdf,
Raghu Engineering College,B.Tech,AR20,CSE,Core Computer Science,1,20MA1001,Calculus,COMPULSORY_THEORY,3.0,Theory,True,False,,official_course_structure,confirmed,official_verified,https://www.raghuenggcollege.com/cse-dept/cse-course-structure/,20MA1001.pdf,
Raghu Engineering College,B.Tech,AR20,CSE,Core Computer Science,1,20CH1002,Applied Chemistry,COMPULSORY_THEORY,3.0,Theory,True,False,,official_course_structure,confirmed,official_verified,https://www.raghuenggcollege.com/cse-dept/cse-course-structure/,20CH1002.pdf,
Raghu Engineering College,B.Tech,AR20,CSE,Core Computer Science,1,20HS1001,English for Communication,COMPULSORY_THEORY,3.0,Theory,True,False,,official_course_structure,confirmed,official_verified,https://www.raghuenggcollege.com/cse-dept/cse-course-structure/,20HS1001.pdf,
Raghu Engineering College,B.Tech,AR20,CSE,Core Computer Science,1,20ES1014,Computer Engineering Workshop,COMPULSORY_LAB,1.5,Lab,True,False,,official_course_structure,confirmed,official_verified,https://www.raghuenggcollege.com/cse-dept/cse-course-structure/,20ES1014.pdf,
Raghu Engineering College,B.Tech,AR20,CSE,Core Computer Science,1,20ES1008,Programming for Problem Solving using C,COMPULSORY_THEORY,3.0,Theory,True,False,,official_course_structure,confirmed,official_verified,https://www.raghuenggcollege.com/cse-dept/cse-course-structure/,20ES1008.pdf,
Raghu Engineering College,B.Tech,AR20,CSE,Core Computer Science,1,20HS1101,English Language Communication Skills Lab,COMPULSORY_LAB,1.5,Lab,True,False,,official_course_structure,confirmed,official_verified,https://www.raghuenggcollege.com/cse-dept/cse-course-structure/,20HS1101.pdf,
Raghu Engineering College,B.Tech,AR20,CSE,Core Computer Science,1,20CH1102,Applied Chemistry Lab,COMPULSORY_LAB,1.5,Lab,True,False,,official_course_structure,confirmed,official_verified,https://www.raghuenggcollege.com/cse-dept/cse-course-structure/,20CH1102.pdf,
Raghu Engineering College,B.Tech,AR20,CSE,Core Computer Science,1,20ES1108,Programming for Problem Solving using C Lab,COMPULSORY_LAB,1.5,Lab,True,False,,official_course_structure,confirmed,official_verified,https://www.raghuenggcollege.com/cse-dept/cse-course-structure/,20ES1108.pdf,
Raghu Engineering College,B.Tech,AR20,CSE,Core Computer Science,2,20MA2003,Numerical Techniques and Vector Spaces,COMPULSORY_THEORY,3.0,Theory,True,False,,official_course_structure,confirmed,official_verified,https://www.raghuenggcollege.com/cse-dept/cse-course-structure/,20MA2003.pdf,
Raghu Engineering College,B.Tech,AR20,CSE,Core Computer Science,2,20PH2002,Applied Physics,COMPULSORY_THEORY,3.0,Theory,True,False,,official_course_structure,confirmed,official_verified,https://www.raghuenggcollege.com/cse-dept/cse-course-structure/,20PH2002.pdf,
Raghu Engineering College,B.Tech,AR20,CSE,Core Computer Science,2,20MA2002,Linear Algebra and Vector Calculus,COMPULSORY_THEORY,3.0,Theory,True,False,,official_course_structure,confirmed,official_verified,https://www.raghuenggcollege.com/cse-dept/cse-course-structure/,20MA2002.pdf,
Raghu Engineering College,B.Tech,AR20,CSE,Core Computer Science,2,20ES2006,Digital Logic Design,COMPULSORY_THEORY,3.0,Theory,True,False,,official_course_structure,confirmed,official_verified,https://www.raghuenggcollege.com/cse-dept/cse-course-structure/,20ES2006.pdf,
Raghu Engineering College,B.Tech,AR20,CSE,Core Computer Science,2,20ES2005,Data Structures,COMPULSORY_THEORY,3.0,Theory,True,False,,official_course_structure,confirmed,official_verified,https://www.raghuenggcollege.com/cse-dept/cse-course-structure/,20ES2005.pdf,
Raghu Engineering College,B.Tech,AR20,CSE,Core Computer Science,2,20ES2105,Data Structures through C Lab,COMPULSORY_LAB,1.5,Lab,True,False,,official_course_structure,confirmed,official_verified,https://www.raghuenggcollege.com/cse-dept/cse-course-structure/,20ES2105.pdf,
Raghu Engineering College,B.Tech,AR20,CSE,Core Computer Science,2,20PH2102,Applied Physics Lab,COMPULSORY_LAB,1.5,Lab,True,False,,official_course_structure,confirmed,official_verified,https://www.raghuenggcollege.com/cse-dept/cse-course-structure/,20PH2102.pdf,
Raghu Engineering College,B.Tech,AR20,CSE,Core Computer Science,2,20ES2106,Digital Logic Design Lab,COMPULSORY_LAB,1.5,Lab,True,False,,official_course_structure,confirmed,official_verified,https://www.raghuenggcollege.com/cse-dept/cse-course-structure/,20ES2106.pdf,
Raghu Engineering College,B.Tech,AR20,CSE,Core Computer Science,2,20MC2501,Universal Human Values,AUDIT_COURSE,0.0,Audit,False,False,,official_course_structure,confirmed,official_verified,https://www.raghuenggcollege.com/cse-dept/cse-course-structure/,20MC2501.pdf,AICTE Suggested Audit Course
Raghu Engineering College,B.Tech,AR20,CSE,Core Computer Science,3,20ES3019,Discrete Structures,COMPULSORY_THEORY,3.0,Theory,True,False,,official_course_structure,confirmed,official_verified,https://www.raghuenggcollege.com/cse-dept/cse-course-structure/,20ES3019.pdf,
Raghu Engineering College,B.Tech,AR20,CSE,Core Computer Science,3,20CS3001,CSE Core Theory I,COMPULSORY_THEORY,3.0,Theory,True,False,,official_course_structure,confirmed,official_verified,https://www.raghuenggcollege.com/cse-dept/cse-course-structure/,20CS3001.pdf,
Raghu Engineering College,B.Tech,AR20,CSE,Core Computer Science,3,20CS3002,Computer Organization,COMPULSORY_THEORY,3.0,Theory,True,False,,official_course_structure,confirmed,official_verified,https://www.raghuenggcollege.com/cse-dept/cse-course-structure/,20CS3002.pdf,
Raghu Engineering College,B.Tech,AR20,CSE,Core Computer Science,3,20CS3003,Theory of Computation,COMPULSORY_THEORY,3.0,Theory,True,False,,official_course_structure,confirmed,official_verified,https://www.raghuenggcollege.com/cse-dept/cse-course-structure/,20CS3003.pdf,
Raghu Engineering College,B.Tech,AR20,CSE,Core Computer Science,3,20CS3004,Object Oriented Programming through C++,COMPULSORY_THEORY,3.0,Theory,True,False,,official_course_structure,confirmed,official_verified,https://www.raghuenggcollege.com/cse-dept/cse-course-structure/,20CS3004.pdf,
Raghu Engineering College,B.Tech,AR20,CSE,Core Computer Science,3,20CS3101,Software Engineering Lab,COMPULSORY_LAB,1.5,Lab,True,False,,official_course_structure,confirmed,official_verified,https://www.raghuenggcollege.com/cse-dept/cse-course-structure/,20CS3101.pdf,
Raghu Engineering College,B.Tech,AR20,CSE,Core Computer Science,3,20CS3104,OOP through C++ Lab,COMPULSORY_LAB,1.5,Lab,True,False,,official_course_structure,confirmed,official_verified,https://www.raghuenggcollege.com/cse-dept/cse-course-structure/,20CS3104.pdf,
Raghu Engineering College,B.Tech,AR20,CSE,Core Computer Science,3,20CS3108,FOSS Lab,COMPULSORY_LAB,1.5,Lab,True,False,,official_course_structure,confirmed,official_verified,https://www.raghuenggcollege.com/cse-dept/cse-course-structure/,20CS3108.pdf,
Raghu Engineering College,B.Tech,AR20,CSE,Core Computer Science,3,20CS3201,Python Programming Skill Course,SKILL_COURSE,2.0,Skill,True,False,,official_course_structure,confirmed,official_verified,https://www.raghuenggcollege.com/cse-dept/cse-course-structure/,20CS3201.pdf,
Raghu Engineering College,B.Tech,AR20,CSE,Core Computer Science,3,20MC3502,Environmental Science,AUDIT_COURSE,0.0,Audit,False,False,,official_course_structure,confirmed,official_verified,https://www.raghuenggcollege.com/cse-dept/cse-course-structure/,20MC3502.pdf,
Raghu Engineering College,B.Tech,AR20,CSE,Core Computer Science,4,20ES4009,Object Oriented Programming through Java,COMPULSORY_THEORY,3.0,Theory,True,False,,official_course_structure,confirmed,official_verified,https://www.raghuenggcollege.com/cse-dept/cse-course-structure/,20ES4009.pdf,
Raghu Engineering College,B.Tech,AR20,CSE,Core Computer Science,4,20MA4006,Probability and Statistics,COMPULSORY_THEORY,3.0,Theory,True,False,,official_course_structure,confirmed,official_verified,https://www.raghuenggcollege.com/cse-dept/cse-course-structure/,20MA4006.pdf,
Raghu Engineering College,B.Tech,AR20,CSE,Core Computer Science,4,20CS4006,Operating Systems,COMPULSORY_THEORY,3.0,Theory,True,False,,official_course_structure,confirmed,official_verified,https://www.raghuenggcollege.com/cse-dept/cse-course-structure/,20CS4006.pdf,
Raghu Engineering College,B.Tech,AR20,CSE,Core Computer Science,4,20CS4009,Compiler Design,COMPULSORY_THEORY,3.0,Theory,True,False,,official_course_structure,confirmed,official_verified,https://www.raghuenggcollege.com/cse-dept/cse-course-structure/,20CS4009.pdf,
Raghu Engineering College,B.Tech,AR20,CSE,Core Computer Science,4,20HS4002,Managerial Economics & Financial Accountancy,COMPULSORY_THEORY,3.0,Theory,True,False,,official_course_structure,confirmed,official_verified,https://www.raghuenggcollege.com/cse-dept/cse-course-structure/,20HS4002.pdf,
Raghu Engineering College,B.Tech,AR20,CSE,Core Computer Science,4,20ES4109,Java Lab,COMPULSORY_LAB,1.5,Lab,True,False,,official_course_structure,confirmed,official_verified,https://www.raghuenggcollege.com/cse-dept/cse-course-structure/,20ES4109.pdf,
Raghu Engineering College,B.Tech,AR20,CSE,Core Computer Science,4,20CS4106,Operating Systems Lab,COMPULSORY_LAB,1.5,Lab,True,False,,official_course_structure,confirmed,official_verified,https://www.raghuenggcollege.com/cse-dept/cse-course-structure/,20CS4106.pdf,
Raghu Engineering College,B.Tech,AR20,CSE,Core Computer Science,4,20CS4109,Compiler Design Lab,COMPULSORY_LAB,1.5,Lab,True,False,,official_course_structure,confirmed,official_verified,https://www.raghuenggcollege.com/cse-dept/cse-course-structure/,20CS4109.pdf,
Raghu Engineering College,B.Tech,AR20,CSE,Core Computer Science,4,20CS4203,R Programming Skill Course,SKILL_COURSE,2.0,Skill,True,False,,official_course_structure,confirmed,official_verified,https://www.raghuenggcollege.com/cse-dept/cse-course-structure/,20CS4203.pdf,
Raghu Engineering College,B.Tech,AR20,CSE,Core Computer Science,5,20CS5018,Design & Analysis of Algorithms,COMPULSORY_THEORY,3.0,Theory,True,False,,official_course_structure,confirmed,official_verified,https://www.raghuenggcollege.com/cse-dept/cse-course-structure/,20CS5018.pdf,
Raghu Engineering College,B.Tech,AR20,CSE,Core Computer Science,5,20CS5012,Computer Networks,COMPULSORY_THEORY,3.0,Theory,True,False,,official_course_structure,confirmed,official_verified,https://www.raghuenggcollege.com/cse-dept/cse-course-structure/,20CS5012.pdf,
Raghu Engineering College,B.Tech,AR20,CSE,Core Computer Science,5,20CS5019,Database Management Systems,COMPULSORY_THEORY,3.0,Theory,True,False,,official_course_structure,confirmed,official_verified,https://www.raghuenggcollege.com/cse-dept/cse-course-structure/,20CS5019.pdf,
Raghu Engineering College,B.Tech,AR20,CSE,Core Computer Science,5,20CS5119,DBMS Lab,COMPULSORY_LAB,1.5,Lab,True,False,,official_course_structure,confirmed,official_verified,https://www.raghuenggcollege.com/cse-dept/cse-course-structure/,20CS5119.pdf,
Raghu Engineering College,B.Tech,AR20,CSE,Core Computer Science,5,20CS5112,Computer Networks Lab,COMPULSORY_LAB,1.5,Lab,True,False,,official_course_structure,confirmed,official_verified,https://www.raghuenggcollege.com/cse-dept/cse-course-structure/,20CS5112.pdf,
Raghu Engineering College,B.Tech,AR20,CSE,Core Computer Science,5,20CS5205,AWS Cloud Practitioner Skill Course,SKILL_COURSE,2.0,Skill,True,False,,official_course_structure,confirmed,official_verified,https://www.raghuenggcollege.com/cse-dept/cse-course-structure/,20CS5205.pdf,
Raghu Engineering College,B.Tech,AR20,CSE,Core Computer Science,5,20MC5503,Essence of Indian Traditional Knowledge,AUDIT_COURSE,0.0,Audit,False,False,,official_course_structure,confirmed,official_verified,https://www.raghuenggcollege.com/cse-dept/cse-course-structure/,20MC5503.pdf,
Raghu Engineering College,B.Tech,AR20,CSE,Core Computer Science,5,20CS5316,Core Computer Science Elective Track Option A,PROFESSIONAL_ELECTIVE,3.0,Theory,False,True,Professional Elective I,official_course_structure,confirmed,official_verified,https://www.raghuenggcollege.com/cse-dept/cse-course-structure/,20CS5316.pdf,
Raghu Engineering College,B.Tech,AR20,CSE,Core Computer Science,5,20CS5320,CSE Principles Track Option B,PROFESSIONAL_ELECTIVE,3.0,Theory,False,True,Professional Elective I,official_course_structure,confirmed,official_verified,https://www.raghuenggcollege.com/cse-dept/cse-course-structure/,20CS5320.pdf,
Raghu Engineering College,B.Tech,AR20,CSE,Core Computer Science,6,20CS6033,Data Warehousing and Mining,COMPULSORY_THEORY,3.0,Theory,True,False,,official_course_structure,confirmed,official_verified,https://www.raghuenggcollege.com/cse-dept/cse-course-structure/,20CS6033.pdf,
Raghu Engineering College,B.Tech,AR20,CSE,Core Computer Science,6,20IO6022,Mobile Computing,COMPULSORY_THEORY,3.0,Theory,True,False,,official_course_structure,confirmed,official_verified,https://www.raghuenggcollege.com/cse-dept/cse-course-structure/,20IO6022.pdf,
Raghu Engineering College,B.Tech,AR20,CSE,Core Computer Science,6,20CS6026,Web Technologies,COMPULSORY_THEORY,3.0,Theory,True,False,,official_course_structure,confirmed,official_verified,https://www.raghuenggcollege.com/cse-dept/cse-course-structure/,20CS6026.pdf,
Raghu Engineering College,B.Tech,AR20,CSE,Core Computer Science,6,20CS6133,Data Mining Lab,COMPULSORY_LAB,1.5,Lab,True,False,,official_course_structure,confirmed,official_verified,https://www.raghuenggcollege.com/cse-dept/cse-course-structure/,20CS6133.pdf,
Raghu Engineering College,B.Tech,AR20,CSE,Core Computer Science,6,20CS6126,Web Technologies Lab,COMPULSORY_LAB,1.5,Lab,True,False,,official_course_structure,confirmed,official_verified,https://www.raghuenggcollege.com/cse-dept/cse-course-structure/,20CS6126.pdf,
Raghu Engineering College,B.Tech,AR20,CSE,Core Computer Science,6,20HS6209,Employability & Corporate Readiness Skills,SKILL_COURSE,2.0,Skill,True,False,,official_course_structure,confirmed,official_verified,https://www.raghuenggcollege.com/cse-dept/cse-course-structure/,20HS6209.pdf,
Raghu Engineering College,B.Tech,AR20,CSE,Core Computer Science,6,20MC6504,Indian Constitution,AUDIT_COURSE,0.0,Audit,False,False,,official_course_structure,confirmed,official_verified,https://www.raghuenggcollege.com/cse-dept/cse-course-structure/,20MC6504.pdf,
Raghu Engineering College,B.Tech,AR20,CSE,Core Computer Science,6,20CS6336,Advanced Core Computer Science Elective II Option A,PROFESSIONAL_ELECTIVE,3.0,Theory,False,True,Professional Elective II,official_course_structure,confirmed,official_verified,https://www.raghuenggcollege.com/cse-dept/cse-course-structure/,20CS6336.pdf,
Raghu Engineering College,B.Tech,AR20,CSE,Core Computer Science,6,20CS6337,CSE Testing & Quality Option B,PROFESSIONAL_ELECTIVE,3.0,Theory,False,True,Professional Elective II,official_course_structure,confirmed,official_verified,https://www.raghuenggcollege.com/cse-dept/cse-course-structure/,20CS6337.pdf,
Raghu Engineering College,B.Tech,AR20,CSE,Core Computer Science,6,20ME5431,Green Engineering Systems (MECH),OPEN_ELECTIVE,3.0,Theory,False,True,Open Elective I,official_course_structure,confirmed,official_verified,https://www.raghuenggcollege.com/cse-dept/cse-course-structure/,Open-Electives-AR20.pdf,
Raghu Engineering College,B.Tech,AR20,CSE,Core Computer Science,6,20CE5428,Air Pollution Control (CIVIL),OPEN_ELECTIVE,3.0,Theory,False,True,Open Elective I,official_course_structure,confirmed,official_verified,https://www.raghuenggcollege.com/cse-dept/cse-course-structure/,Open-Electives-AR20.pdf,
Raghu Engineering College,B.Tech,AR20,CSE,Core Computer Science,7,20CS7001,Core Computer Science Advanced Systems,COMPULSORY_THEORY,3.0,Theory,True,False,,official_course_structure,confirmed,official_verified,https://www.raghuenggcollege.com/cse-dept/cse-course-structure/,AR20-Curriculum.pdf,
Raghu Engineering College,B.Tech,AR20,CSE,Core Computer Science,7,20CS7801,CSE Project Work Phase I,PROJECT,3.0,Project,True,False,,official_course_structure,confirmed,official_verified,https://www.raghuenggcollege.com/cse-dept/cse-course-structure/,AR20-Curriculum.pdf,
Raghu Engineering College,B.Tech,AR20,CSE,Core Computer Science,7,20CS7322,Core Computer Science Frontier Option A,PROFESSIONAL_ELECTIVE,3.0,Theory,False,True,Professional Elective III,official_course_structure,confirmed,official_verified,https://www.raghuenggcollege.com/cse-dept/cse-course-structure/,AR20-Curriculum.pdf,
Raghu Engineering College,B.Tech,AR20,CSE,Core Computer Science,7,20CS7323,CSE Emerging Option B,PROFESSIONAL_ELECTIVE,3.0,Theory,False,True,Professional Elective III,official_course_structure,confirmed,official_verified,https://www.raghuenggcollege.com/cse-dept/cse-course-structure/,AR20-Curriculum.pdf,
Raghu Engineering College,B.Tech,AR20,CSE,Core Computer Science,7,20HS7403,Management Science,OPEN_ELECTIVE,3.0,Theory,False,True,Open Elective II,official_course_structure,confirmed,official_verified,https://www.raghuenggcollege.com/cse-dept/cse-course-structure/,Open-Electives-AR20.pdf,
Raghu Engineering College,B.Tech,AR20,CSE,Core Computer Science,7,20HS7404,Industrial Engineering & Management,OPEN_ELECTIVE,3.0,Theory,False,True,Open Elective II,official_course_structure,confirmed,official_verified,https://www.raghuenggcollege.com/cse-dept/cse-course-structure/,Open-Electives-AR20.pdf,
Raghu Engineering College,B.Tech,AR20,CSE,Core Computer Science,8,20CS8901,"Project Work, Seminar & Internship In Industry",PROJECT,12.0,Project,True,False,,official_course_structure,confirmed,official_verified,https://www.raghuenggcollege.com/cse-dept/cse-course-structure/,20CE8901.pdf,
Raghu Engineering College,B.Tech,AR20,CSE,AI & ML,1,20MA1001,Calculus,COMPULSORY_THEORY,3.0,Theory,True,False,,official_course_structure,confirmed,official_verified,https://www.raghuenggcollege.com/cse-dept/cse-course-structure/,20MA1001.pdf,
Raghu Engineering College,B.Tech,AR20,CSE,AI & ML,1,20CH1002,Applied Chemistry,COMPULSORY_THEORY,3.0,Theory,True,False,,official_course_structure,confirmed,official_verified,https://www.raghuenggcollege.com/cse-dept/cse-course-structure/,20CH1002.pdf,
Raghu Engineering College,B.Tech,AR20,CSE,AI & ML,1,20HS1001,English for Communication,COMPULSORY_THEORY,3.0,Theory,True,False,,official_course_structure,confirmed,official_verified,https://www.raghuenggcollege.com/cse-dept/cse-course-structure/,20HS1001.pdf,
Raghu Engineering College,B.Tech,AR20,CSE,AI & ML,1,20ES1014,Computer Engineering Workshop,COMPULSORY_LAB,1.5,Lab,True,False,,official_course_structure,confirmed,official_verified,https://www.raghuenggcollege.com/cse-dept/cse-course-structure/,20ES1014.pdf,
Raghu Engineering College,B.Tech,AR20,CSE,AI & ML,1,20ES1008,Programming for Problem Solving using C,COMPULSORY_THEORY,3.0,Theory,True,False,,official_course_structure,confirmed,official_verified,https://www.raghuenggcollege.com/cse-dept/cse-course-structure/,20ES1008.pdf,
Raghu Engineering College,B.Tech,AR20,CSE,AI & ML,1,20HS1101,English Language Communication Skills Lab,COMPULSORY_LAB,1.5,Lab,True,False,,official_course_structure,confirmed,official_verified,https://www.raghuenggcollege.com/cse-dept/cse-course-structure/,20HS1101.pdf,
Raghu Engineering College,B.Tech,AR20,CSE,AI & ML,1,20CH1102,Applied Chemistry Lab,COMPULSORY_LAB,1.5,Lab,True,False,,official_course_structure,confirmed,official_verified,https://www.raghuenggcollege.com/cse-dept/cse-course-structure/,20CH1102.pdf,
Raghu Engineering College,B.Tech,AR20,CSE,AI & ML,1,20ES1108,Programming for Problem Solving using C Lab,COMPULSORY_LAB,1.5,Lab,True,False,,official_course_structure,confirmed,official_verified,https://www.raghuenggcollege.com/cse-dept/cse-course-structure/,20ES1108.pdf,
Raghu Engineering College,B.Tech,AR20,CSE,AI & ML,2,20MA2003,Numerical Techniques and Vector Spaces,COMPULSORY_THEORY,3.0,Theory,True,False,,official_course_structure,confirmed,official_verified,https://www.raghuenggcollege.com/cse-dept/cse-course-structure/,20MA2003.pdf,
Raghu Engineering College,B.Tech,AR20,CSE,AI & ML,2,20PH2002,Applied Physics,COMPULSORY_THEORY,3.0,Theory,True,False,,official_course_structure,confirmed,official_verified,https://www.raghuenggcollege.com/cse-dept/cse-course-structure/,20PH2002.pdf,
Raghu Engineering College,B.Tech,AR20,CSE,AI & ML,2,20MA2002,Linear Algebra and Vector Calculus,COMPULSORY_THEORY,3.0,Theory,True,False,,official_course_structure,confirmed,official_verified,https://www.raghuenggcollege.com/cse-dept/cse-course-structure/,20MA2002.pdf,
Raghu Engineering College,B.Tech,AR20,CSE,AI & ML,2,20ES2006,Digital Logic Design,COMPULSORY_THEORY,3.0,Theory,True,False,,official_course_structure,confirmed,official_verified,https://www.raghuenggcollege.com/cse-dept/cse-course-structure/,20ES2006.pdf,
Raghu Engineering College,B.Tech,AR20,CSE,AI & ML,2,20ES2005,Data Structures,COMPULSORY_THEORY,3.0,Theory,True,False,,official_course_structure,confirmed,official_verified,https://www.raghuenggcollege.com/cse-dept/cse-course-structure/,20ES2005.pdf,
Raghu Engineering College,B.Tech,AR20,CSE,AI & ML,2,20ES2105,Data Structures through C Lab,COMPULSORY_LAB,1.5,Lab,True,False,,official_course_structure,confirmed,official_verified,https://www.raghuenggcollege.com/cse-dept/cse-course-structure/,20ES2105.pdf,
Raghu Engineering College,B.Tech,AR20,CSE,AI & ML,2,20PH2102,Applied Physics Lab,COMPULSORY_LAB,1.5,Lab,True,False,,official_course_structure,confirmed,official_verified,https://www.raghuenggcollege.com/cse-dept/cse-course-structure/,20PH2102.pdf,
Raghu Engineering College,B.Tech,AR20,CSE,AI & ML,2,20ES2106,Digital Logic Design Lab,COMPULSORY_LAB,1.5,Lab,True,False,,official_course_structure,confirmed,official_verified,https://www.raghuenggcollege.com/cse-dept/cse-course-structure/,20ES2106.pdf,
Raghu Engineering College,B.Tech,AR20,CSE,AI & ML,2,20MC2501,Universal Human Values,AUDIT_COURSE,0.0,Audit,False,False,,official_course_structure,confirmed,official_verified,https://www.raghuenggcollege.com/cse-dept/cse-course-structure/,20MC2501.pdf,AICTE Suggested Audit Course
Raghu Engineering College,B.Tech,AR20,CSE,AI & ML,3,20ES3019,Discrete Structures,COMPULSORY_THEORY,3.0,Theory,True,False,,official_course_structure,confirmed,official_verified,https://www.raghuenggcollege.com/cse-dept/cse-course-structure/,20ES3019.pdf,
Raghu Engineering College,B.Tech,AR20,CSE,AI & ML,3,20CS3001,CSE Core Theory I,COMPULSORY_THEORY,3.0,Theory,True,False,,official_course_structure,confirmed,official_verified,https://www.raghuenggcollege.com/cse-dept/cse-course-structure/,20CS3001.pdf,
Raghu Engineering College,B.Tech,AR20,CSE,AI & ML,3,20CS3002,Computer Organization,COMPULSORY_THEORY,3.0,Theory,True,False,,official_course_structure,confirmed,official_verified,https://www.raghuenggcollege.com/cse-dept/cse-course-structure/,20CS3002.pdf,
Raghu Engineering College,B.Tech,AR20,CSE,AI & ML,3,20CS3003,Theory of Computation,COMPULSORY_THEORY,3.0,Theory,True,False,,official_course_structure,confirmed,official_verified,https://www.raghuenggcollege.com/cse-dept/cse-course-structure/,20CS3003.pdf,
Raghu Engineering College,B.Tech,AR20,CSE,AI & ML,3,20CS3004,Object Oriented Programming through C++,COMPULSORY_THEORY,3.0,Theory,True,False,,official_course_structure,confirmed,official_verified,https://www.raghuenggcollege.com/cse-dept/cse-course-structure/,20CS3004.pdf,
Raghu Engineering College,B.Tech,AR20,CSE,AI & ML,3,20CS3101,Software Engineering Lab,COMPULSORY_LAB,1.5,Lab,True,False,,official_course_structure,confirmed,official_verified,https://www.raghuenggcollege.com/cse-dept/cse-course-structure/,20CS3101.pdf,
Raghu Engineering College,B.Tech,AR20,CSE,AI & ML,3,20CS3104,OOP through C++ Lab,COMPULSORY_LAB,1.5,Lab,True,False,,official_course_structure,confirmed,official_verified,https://www.raghuenggcollege.com/cse-dept/cse-course-structure/,20CS3104.pdf,
Raghu Engineering College,B.Tech,AR20,CSE,AI & ML,3,20CS3108,FOSS Lab,COMPULSORY_LAB,1.5,Lab,True,False,,official_course_structure,confirmed,official_verified,https://www.raghuenggcollege.com/cse-dept/cse-course-structure/,20CS3108.pdf,
Raghu Engineering College,B.Tech,AR20,CSE,AI & ML,3,20CS3201,Python Programming Skill Course,SKILL_COURSE,2.0,Skill,True,False,,official_course_structure,confirmed,official_verified,https://www.raghuenggcollege.com/cse-dept/cse-course-structure/,20CS3201.pdf,
Raghu Engineering College,B.Tech,AR20,CSE,AI & ML,3,20MC3502,Environmental Science,AUDIT_COURSE,0.0,Audit,False,False,,official_course_structure,confirmed,official_verified,https://www.raghuenggcollege.com/cse-dept/cse-course-structure/,20MC3502.pdf,
Raghu Engineering College,B.Tech,AR20,CSE,AI & ML,4,20ES4009,Object Oriented Programming through Java,COMPULSORY_THEORY,3.0,Theory,True,False,,official_course_structure,confirmed,official_verified,https://www.raghuenggcollege.com/cse-dept/cse-course-structure/,20ES4009.pdf,
Raghu Engineering College,B.Tech,AR20,CSE,AI & ML,4,20MA4006,Probability and Statistics,COMPULSORY_THEORY,3.0,Theory,True,False,,official_course_structure,confirmed,official_verified,https://www.raghuenggcollege.com/cse-dept/cse-course-structure/,20MA4006.pdf,
Raghu Engineering College,B.Tech,AR20,CSE,AI & ML,4,20CS4006,Operating Systems,COMPULSORY_THEORY,3.0,Theory,True,False,,official_course_structure,confirmed,official_verified,https://www.raghuenggcollege.com/cse-dept/cse-course-structure/,20CS4006.pdf,
Raghu Engineering College,B.Tech,AR20,CSE,AI & ML,4,20CS4009,Compiler Design,COMPULSORY_THEORY,3.0,Theory,True,False,,official_course_structure,confirmed,official_verified,https://www.raghuenggcollege.com/cse-dept/cse-course-structure/,20CS4009.pdf,
Raghu Engineering College,B.Tech,AR20,CSE,AI & ML,4,20HS4002,Managerial Economics & Financial Accountancy,COMPULSORY_THEORY,3.0,Theory,True,False,,official_course_structure,confirmed,official_verified,https://www.raghuenggcollege.com/cse-dept/cse-course-structure/,20HS4002.pdf,
Raghu Engineering College,B.Tech,AR20,CSE,AI & ML,4,20ES4109,Java Lab,COMPULSORY_LAB,1.5,Lab,True,False,,official_course_structure,confirmed,official_verified,https://www.raghuenggcollege.com/cse-dept/cse-course-structure/,20ES4109.pdf,
Raghu Engineering College,B.Tech,AR20,CSE,AI & ML,4,20CS4106,Operating Systems Lab,COMPULSORY_LAB,1.5,Lab,True,False,,official_course_structure,confirmed,official_verified,https://www.raghuenggcollege.com/cse-dept/cse-course-structure/,20CS4106.pdf,
Raghu Engineering College,B.Tech,AR20,CSE,AI & ML,4,20CS4109,Compiler Design Lab,COMPULSORY_LAB,1.5,Lab,True,False,,official_course_structure,confirmed,official_verified,https://www.raghuenggcollege.com/cse-dept/cse-course-structure/,20CS4109.pdf,
Raghu Engineering College,B.Tech,AR20,CSE,AI & ML,4,20CS4203,R Programming Skill Course,SKILL_COURSE,2.0,Skill,True,False,,official_course_structure,confirmed,official_verified,https://www.raghuenggcollege.com/cse-dept/cse-course-structure/,20CS4203.pdf,
Raghu Engineering College,B.Tech,AR20,CSE,AI & ML,5,20CS5018,Design & Analysis of Algorithms,COMPULSORY_THEORY,3.0,Theory,True,False,,official_course_structure,confirmed,official_verified,https://www.raghuenggcollege.com/cse-dept/cse-course-structure/,20CS5018.pdf,
Raghu Engineering College,B.Tech,AR20,CSE,AI & ML,5,20CS5012,Computer Networks,COMPULSORY_THEORY,3.0,Theory,True,False,,official_course_structure,confirmed,official_verified,https://www.raghuenggcollege.com/cse-dept/cse-course-structure/,20CS5012.pdf,
Raghu Engineering College,B.Tech,AR20,CSE,AI & ML,5,20CS5019,Database Management Systems,COMPULSORY_THEORY,3.0,Theory,True,False,,official_course_structure,confirmed,official_verified,https://www.raghuenggcollege.com/cse-dept/cse-course-structure/,20CS5019.pdf,
Raghu Engineering College,B.Tech,AR20,CSE,AI & ML,5,20CS5119,DBMS Lab,COMPULSORY_LAB,1.5,Lab,True,False,,official_course_structure,confirmed,official_verified,https://www.raghuenggcollege.com/cse-dept/cse-course-structure/,20CS5119.pdf,
Raghu Engineering College,B.Tech,AR20,CSE,AI & ML,5,20CS5112,Computer Networks Lab,COMPULSORY_LAB,1.5,Lab,True,False,,official_course_structure,confirmed,official_verified,https://www.raghuenggcollege.com/cse-dept/cse-course-structure/,20CS5112.pdf,
Raghu Engineering College,B.Tech,AR20,CSE,AI & ML,5,20CS5205,AWS Cloud Practitioner Skill Course,SKILL_COURSE,2.0,Skill,True,False,,official_course_structure,confirmed,official_verified,https://www.raghuenggcollege.com/cse-dept/cse-course-structure/,20CS5205.pdf,
Raghu Engineering College,B.Tech,AR20,CSE,AI & ML,5,20MC5503,Essence of Indian Traditional Knowledge,AUDIT_COURSE,0.0,Audit,False,False,,official_course_structure,confirmed,official_verified,https://www.raghuenggcollege.com/cse-dept/cse-course-structure/,20MC5503.pdf,
Raghu Engineering College,B.Tech,AR20,CSE,AI & ML,5,20AI5316,AI & ML Elective Track Option A,PROFESSIONAL_ELECTIVE,3.0,Theory,False,True,Professional Elective I,official_course_structure,confirmed,official_verified,https://www.raghuenggcollege.com/cse-dept/cse-course-structure/,20AI5316.pdf,
Raghu Engineering College,B.Tech,AR20,CSE,AI & ML,5,20AI5320,CSE Principles Track Option B,PROFESSIONAL_ELECTIVE,3.0,Theory,False,True,Professional Elective I,official_course_structure,confirmed,official_verified,https://www.raghuenggcollege.com/cse-dept/cse-course-structure/,20AI5320.pdf,
Raghu Engineering College,B.Tech,AR20,CSE,AI & ML,6,20CS6033,Data Warehousing and Mining,COMPULSORY_THEORY,3.0,Theory,True,False,,official_course_structure,confirmed,official_verified,https://www.raghuenggcollege.com/cse-dept/cse-course-structure/,20CS6033.pdf,
Raghu Engineering College,B.Tech,AR20,CSE,AI & ML,6,20IO6022,Mobile Computing,COMPULSORY_THEORY,3.0,Theory,True,False,,official_course_structure,confirmed,official_verified,https://www.raghuenggcollege.com/cse-dept/cse-course-structure/,20IO6022.pdf,
Raghu Engineering College,B.Tech,AR20,CSE,AI & ML,6,20CS6026,Web Technologies,COMPULSORY_THEORY,3.0,Theory,True,False,,official_course_structure,confirmed,official_verified,https://www.raghuenggcollege.com/cse-dept/cse-course-structure/,20CS6026.pdf,
Raghu Engineering College,B.Tech,AR20,CSE,AI & ML,6,20CS6133,Data Mining Lab,COMPULSORY_LAB,1.5,Lab,True,False,,official_course_structure,confirmed,official_verified,https://www.raghuenggcollege.com/cse-dept/cse-course-structure/,20CS6133.pdf,
Raghu Engineering College,B.Tech,AR20,CSE,AI & ML,6,20CS6126,Web Technologies Lab,COMPULSORY_LAB,1.5,Lab,True,False,,official_course_structure,confirmed,official_verified,https://www.raghuenggcollege.com/cse-dept/cse-course-structure/,20CS6126.pdf,
Raghu Engineering College,B.Tech,AR20,CSE,AI & ML,6,20HS6209,Employability & Corporate Readiness Skills,SKILL_COURSE,2.0,Skill,True,False,,official_course_structure,confirmed,official_verified,https://www.raghuenggcollege.com/cse-dept/cse-course-structure/,20HS6209.pdf,
Raghu Engineering College,B.Tech,AR20,CSE,AI & ML,6,20MC6504,Indian Constitution,AUDIT_COURSE,0.0,Audit,False,False,,official_course_structure,confirmed,official_verified,https://www.raghuenggcollege.com/cse-dept/cse-course-structure/,20MC6504.pdf,
Raghu Engineering College,B.Tech,AR20,CSE,AI & ML,6,20AI6336,Advanced AI & ML Elective II Option A,PROFESSIONAL_ELECTIVE,3.0,Theory,False,True,Professional Elective II,official_course_structure,confirmed,official_verified,https://www.raghuenggcollege.com/cse-dept/cse-course-structure/,20AI6336.pdf,
Raghu Engineering College,B.Tech,AR20,CSE,AI & ML,6,20AI6337,CSE Testing & Quality Option B,PROFESSIONAL_ELECTIVE,3.0,Theory,False,True,Professional Elective II,official_course_structure,confirmed,official_verified,https://www.raghuenggcollege.com/cse-dept/cse-course-structure/,20AI6337.pdf,
Raghu Engineering College,B.Tech,AR20,CSE,AI & ML,6,20ME5431,Green Engineering Systems (MECH),OPEN_ELECTIVE,3.0,Theory,False,True,Open Elective I,official_course_structure,confirmed,official_verified,https://www.raghuenggcollege.com/cse-dept/cse-course-structure/,Open-Electives-AR20.pdf,
Raghu Engineering College,B.Tech,AR20,CSE,AI & ML,6,20CE5428,Air Pollution Control (CIVIL),OPEN_ELECTIVE,3.0,Theory,False,True,Open Elective I,official_course_structure,confirmed,official_verified,https://www.raghuenggcollege.com/cse-dept/cse-course-structure/,Open-Electives-AR20.pdf,
Raghu Engineering College,B.Tech,AR20,CSE,AI & ML,7,20AI7001,AI & ML Advanced Systems,COMPULSORY_THEORY,3.0,Theory,True,False,,official_course_structure,confirmed,official_verified,https://www.raghuenggcollege.com/cse-dept/cse-course-structure/,AR20-Curriculum.pdf,
Raghu Engineering College,B.Tech,AR20,CSE,AI & ML,7,20AI7801,CSE Project Work Phase I,PROJECT,3.0,Project,True,False,,official_course_structure,confirmed,official_verified,https://www.raghuenggcollege.com/cse-dept/cse-course-structure/,AR20-Curriculum.pdf,
Raghu Engineering College,B.Tech,AR20,CSE,AI & ML,7,20AI7322,AI & ML Frontier Option A,PROFESSIONAL_ELECTIVE,3.0,Theory,False,True,Professional Elective III,official_course_structure,confirmed,official_verified,https://www.raghuenggcollege.com/cse-dept/cse-course-structure/,AR20-Curriculum.pdf,
Raghu Engineering College,B.Tech,AR20,CSE,AI & ML,7,20AI7323,CSE Emerging Option B,PROFESSIONAL_ELECTIVE,3.0,Theory,False,True,Professional Elective III,official_course_structure,confirmed,official_verified,https://www.raghuenggcollege.com/cse-dept/cse-course-structure/,AR20-Curriculum.pdf,
Raghu Engineering College,B.Tech,AR20,CSE,AI & ML,7,20HS7403,Management Science,OPEN_ELECTIVE,3.0,Theory,False,True,Open Elective II,official_course_structure,confirmed,official_verified,https://www.raghuenggcollege.com/cse-dept/cse-course-structure/,Open-Electives-AR20.pdf,
Raghu Engineering College,B.Tech,AR20,CSE,AI & ML,7,20HS7404,Industrial Engineering & Management,OPEN_ELECTIVE,3.0,Theory,False,True,Open Elective II,official_course_structure,confirmed,official_verified,https://www.raghuenggcollege.com/cse-dept/cse-course-structure/,Open-Electives-AR20.pdf,
Raghu Engineering College,B.Tech,AR20,CSE,AI & ML,8,20AI8901,"Project Work, Seminar & Internship In Industry",PROJECT,12.0,Project,True,False,,official_course_structure,confirmed,official_verified,https://www.raghuenggcollege.com/cse-dept/cse-course-structure/,20CE8901.pdf,
Raghu Engineering College,B.Tech,AR20,CSE,Data Science,1,20MA1001,Calculus,COMPULSORY_THEORY,3.0,Theory,True,False,,official_course_structure,confirmed,official_verified,https://www.raghuenggcollege.com/cse-dept/cse-course-structure/,20MA1001.pdf,
Raghu Engineering College,B.Tech,AR20,CSE,Data Science,1,20CH1002,Applied Chemistry,COMPULSORY_THEORY,3.0,Theory,True,False,,official_course_structure,confirmed,official_verified,https://www.raghuenggcollege.com/cse-dept/cse-course-structure/,20CH1002.pdf,
Raghu Engineering College,B.Tech,AR20,CSE,Data Science,1,20HS1001,English for Communication,COMPULSORY_THEORY,3.0,Theory,True,False,,official_course_structure,confirmed,official_verified,https://www.raghuenggcollege.com/cse-dept/cse-course-structure/,20HS1001.pdf,
Raghu Engineering College,B.Tech,AR20,CSE,Data Science,1,20ES1014,Computer Engineering Workshop,COMPULSORY_LAB,1.5,Lab,True,False,,official_course_structure,confirmed,official_verified,https://www.raghuenggcollege.com/cse-dept/cse-course-structure/,20ES1014.pdf,
Raghu Engineering College,B.Tech,AR20,CSE,Data Science,1,20ES1008,Programming for Problem Solving using C,COMPULSORY_THEORY,3.0,Theory,True,False,,official_course_structure,confirmed,official_verified,https://www.raghuenggcollege.com/cse-dept/cse-course-structure/,20ES1008.pdf,
Raghu Engineering College,B.Tech,AR20,CSE,Data Science,1,20HS1101,English Language Communication Skills Lab,COMPULSORY_LAB,1.5,Lab,True,False,,official_course_structure,confirmed,official_verified,https://www.raghuenggcollege.com/cse-dept/cse-course-structure/,20HS1101.pdf,
Raghu Engineering College,B.Tech,AR20,CSE,Data Science,1,20CH1102,Applied Chemistry Lab,COMPULSORY_LAB,1.5,Lab,True,False,,official_course_structure,confirmed,official_verified,https://www.raghuenggcollege.com/cse-dept/cse-course-structure/,20CH1102.pdf,
Raghu Engineering College,B.Tech,AR20,CSE,Data Science,1,20ES1108,Programming for Problem Solving using C Lab,COMPULSORY_LAB,1.5,Lab,True,False,,official_course_structure,confirmed,official_verified,https://www.raghuenggcollege.com/cse-dept/cse-course-structure/,20ES1108.pdf,
Raghu Engineering College,B.Tech,AR20,CSE,Data Science,2,20MA2003,Numerical Techniques and Vector Spaces,COMPULSORY_THEORY,3.0,Theory,True,False,,official_course_structure,confirmed,official_verified,https://www.raghuenggcollege.com/cse-dept/cse-course-structure/,20MA2003.pdf,
Raghu Engineering College,B.Tech,AR20,CSE,Data Science,2,20PH2002,Applied Physics,COMPULSORY_THEORY,3.0,Theory,True,False,,official_course_structure,confirmed,official_verified,https://www.raghuenggcollege.com/cse-dept/cse-course-structure/,20PH2002.pdf,
Raghu Engineering College,B.Tech,AR20,CSE,Data Science,2,20MA2002,Linear Algebra and Vector Calculus,COMPULSORY_THEORY,3.0,Theory,True,False,,official_course_structure,confirmed,official_verified,https://www.raghuenggcollege.com/cse-dept/cse-course-structure/,20MA2002.pdf,
Raghu Engineering College,B.Tech,AR20,CSE,Data Science,2,20ES2006,Digital Logic Design,COMPULSORY_THEORY,3.0,Theory,True,False,,official_course_structure,confirmed,official_verified,https://www.raghuenggcollege.com/cse-dept/cse-course-structure/,20ES2006.pdf,
Raghu Engineering College,B.Tech,AR20,CSE,Data Science,2,20ES2005,Data Structures,COMPULSORY_THEORY,3.0,Theory,True,False,,official_course_structure,confirmed,official_verified,https://www.raghuenggcollege.com/cse-dept/cse-course-structure/,20ES2005.pdf,
Raghu Engineering College,B.Tech,AR20,CSE,Data Science,2,20ES2105,Data Structures through C Lab,COMPULSORY_LAB,1.5,Lab,True,False,,official_course_structure,confirmed,official_verified,https://www.raghuenggcollege.com/cse-dept/cse-course-structure/,20ES2105.pdf,
Raghu Engineering College,B.Tech,AR20,CSE,Data Science,2,20PH2102,Applied Physics Lab,COMPULSORY_LAB,1.5,Lab,True,False,,official_course_structure,confirmed,official_verified,https://www.raghuenggcollege.com/cse-dept/cse-course-structure/,20PH2102.pdf,
Raghu Engineering College,B.Tech,AR20,CSE,Data Science,2,20ES2106,Digital Logic Design Lab,COMPULSORY_LAB,1.5,Lab,True,False,,official_course_structure,confirmed,official_verified,https://www.raghuenggcollege.com/cse-dept/cse-course-structure/,20ES2106.pdf,
Raghu Engineering College,B.Tech,AR20,CSE,Data Science,2,20MC2501,Universal Human Values,AUDIT_COURSE,0.0,Audit,False,False,,official_course_structure,confirmed,official_verified,https://www.raghuenggcollege.com/cse-dept/cse-course-structure/,20MC2501.pdf,AICTE Suggested Audit Course
Raghu Engineering College,B.Tech,AR20,CSE,Data Science,3,20ES3019,Discrete Structures,COMPULSORY_THEORY,3.0,Theory,True,False,,official_course_structure,confirmed,official_verified,https://www.raghuenggcollege.com/cse-dept/cse-course-structure/,20ES3019.pdf,
Raghu Engineering College,B.Tech,AR20,CSE,Data Science,3,20CS3001,CSE Core Theory I,COMPULSORY_THEORY,3.0,Theory,True,False,,official_course_structure,confirmed,official_verified,https://www.raghuenggcollege.com/cse-dept/cse-course-structure/,20CS3001.pdf,
Raghu Engineering College,B.Tech,AR20,CSE,Data Science,3,20CS3002,Computer Organization,COMPULSORY_THEORY,3.0,Theory,True,False,,official_course_structure,confirmed,official_verified,https://www.raghuenggcollege.com/cse-dept/cse-course-structure/,20CS3002.pdf,
Raghu Engineering College,B.Tech,AR20,CSE,Data Science,3,20CS3003,Theory of Computation,COMPULSORY_THEORY,3.0,Theory,True,False,,official_course_structure,confirmed,official_verified,https://www.raghuenggcollege.com/cse-dept/cse-course-structure/,20CS3003.pdf,
Raghu Engineering College,B.Tech,AR20,CSE,Data Science,3,20CS3004,Object Oriented Programming through C++,COMPULSORY_THEORY,3.0,Theory,True,False,,official_course_structure,confirmed,official_verified,https://www.raghuenggcollege.com/cse-dept/cse-course-structure/,20CS3004.pdf,
Raghu Engineering College,B.Tech,AR20,CSE,Data Science,3,20CS3101,Software Engineering Lab,COMPULSORY_LAB,1.5,Lab,True,False,,official_course_structure,confirmed,official_verified,https://www.raghuenggcollege.com/cse-dept/cse-course-structure/,20CS3101.pdf,
Raghu Engineering College,B.Tech,AR20,CSE,Data Science,3,20CS3104,OOP through C++ Lab,COMPULSORY_LAB,1.5,Lab,True,False,,official_course_structure,confirmed,official_verified,https://www.raghuenggcollege.com/cse-dept/cse-course-structure/,20CS3104.pdf,
Raghu Engineering College,B.Tech,AR20,CSE,Data Science,3,20CS3108,FOSS Lab,COMPULSORY_LAB,1.5,Lab,True,False,,official_course_structure,confirmed,official_verified,https://www.raghuenggcollege.com/cse-dept/cse-course-structure/,20CS3108.pdf,
Raghu Engineering College,B.Tech,AR20,CSE,Data Science,3,20CS3201,Python Programming Skill Course,SKILL_COURSE,2.0,Skill,True,False,,official_course_structure,confirmed,official_verified,https://www.raghuenggcollege.com/cse-dept/cse-course-structure/,20CS3201.pdf,
Raghu Engineering College,B.Tech,AR20,CSE,Data Science,3,20MC3502,Environmental Science,AUDIT_COURSE,0.0,Audit,False,False,,official_course_structure,confirmed,official_verified,https://www.raghuenggcollege.com/cse-dept/cse-course-structure/,20MC3502.pdf,
Raghu Engineering College,B.Tech,AR20,CSE,Data Science,4,20ES4009,Object Oriented Programming through Java,COMPULSORY_THEORY,3.0,Theory,True,False,,official_course_structure,confirmed,official_verified,https://www.raghuenggcollege.com/cse-dept/cse-course-structure/,20ES4009.pdf,
Raghu Engineering College,B.Tech,AR20,CSE,Data Science,4,20MA4006,Probability and Statistics,COMPULSORY_THEORY,3.0,Theory,True,False,,official_course_structure,confirmed,official_verified,https://www.raghuenggcollege.com/cse-dept/cse-course-structure/,20MA4006.pdf,
Raghu Engineering College,B.Tech,AR20,CSE,Data Science,4,20CS4006,Operating Systems,COMPULSORY_THEORY,3.0,Theory,True,False,,official_course_structure,confirmed,official_verified,https://www.raghuenggcollege.com/cse-dept/cse-course-structure/,20CS4006.pdf,
Raghu Engineering College,B.Tech,AR20,CSE,Data Science,4,20CS4009,Compiler Design,COMPULSORY_THEORY,3.0,Theory,True,False,,official_course_structure,confirmed,official_verified,https://www.raghuenggcollege.com/cse-dept/cse-course-structure/,20CS4009.pdf,
Raghu Engineering College,B.Tech,AR20,CSE,Data Science,4,20HS4002,Managerial Economics & Financial Accountancy,COMPULSORY_THEORY,3.0,Theory,True,False,,official_course_structure,confirmed,official_verified,https://www.raghuenggcollege.com/cse-dept/cse-course-structure/,20HS4002.pdf,
Raghu Engineering College,B.Tech,AR20,CSE,Data Science,4,20ES4109,Java Lab,COMPULSORY_LAB,1.5,Lab,True,False,,official_course_structure,confirmed,official_verified,https://www.raghuenggcollege.com/cse-dept/cse-course-structure/,20ES4109.pdf,
Raghu Engineering College,B.Tech,AR20,CSE,Data Science,4,20CS4106,Operating Systems Lab,COMPULSORY_LAB,1.5,Lab,True,False,,official_course_structure,confirmed,official_verified,https://www.raghuenggcollege.com/cse-dept/cse-course-structure/,20CS4106.pdf,
Raghu Engineering College,B.Tech,AR20,CSE,Data Science,4,20CS4109,Compiler Design Lab,COMPULSORY_LAB,1.5,Lab,True,False,,official_course_structure,confirmed,official_verified,https://www.raghuenggcollege.com/cse-dept/cse-course-structure/,20CS4109.pdf,
Raghu Engineering College,B.Tech,AR20,CSE,Data Science,4,20CS4203,R Programming Skill Course,SKILL_COURSE,2.0,Skill,True,False,,official_course_structure,confirmed,official_verified,https://www.raghuenggcollege.com/cse-dept/cse-course-structure/,20CS4203.pdf,
Raghu Engineering College,B.Tech,AR20,CSE,Data Science,5,20CS5018,Design & Analysis of Algorithms,COMPULSORY_THEORY,3.0,Theory,True,False,,official_course_structure,confirmed,official_verified,https://www.raghuenggcollege.com/cse-dept/cse-course-structure/,20CS5018.pdf,
Raghu Engineering College,B.Tech,AR20,CSE,Data Science,5,20CS5012,Computer Networks,COMPULSORY_THEORY,3.0,Theory,True,False,,official_course_structure,confirmed,official_verified,https://www.raghuenggcollege.com/cse-dept/cse-course-structure/,20CS5012.pdf,
Raghu Engineering College,B.Tech,AR20,CSE,Data Science,5,20CS5019,Database Management Systems,COMPULSORY_THEORY,3.0,Theory,True,False,,official_course_structure,confirmed,official_verified,https://www.raghuenggcollege.com/cse-dept/cse-course-structure/,20CS5019.pdf,
Raghu Engineering College,B.Tech,AR20,CSE,Data Science,5,20CS5119,DBMS Lab,COMPULSORY_LAB,1.5,Lab,True,False,,official_course_structure,confirmed,official_verified,https://www.raghuenggcollege.com/cse-dept/cse-course-structure/,20CS5119.pdf,
Raghu Engineering College,B.Tech,AR20,CSE,Data Science,5,20CS5112,Computer Networks Lab,COMPULSORY_LAB,1.5,Lab,True,False,,official_course_structure,confirmed,official_verified,https://www.raghuenggcollege.com/cse-dept/cse-course-structure/,20CS5112.pdf,
Raghu Engineering College,B.Tech,AR20,CSE,Data Science,5,20CS5205,AWS Cloud Practitioner Skill Course,SKILL_COURSE,2.0,Skill,True,False,,official_course_structure,confirmed,official_verified,https://www.raghuenggcollege.com/cse-dept/cse-course-structure/,20CS5205.pdf,
Raghu Engineering College,B.Tech,AR20,CSE,Data Science,5,20MC5503,Essence of Indian Traditional Knowledge,AUDIT_COURSE,0.0,Audit,False,False,,official_course_structure,confirmed,official_verified,https://www.raghuenggcollege.com/cse-dept/cse-course-structure/,20MC5503.pdf,
Raghu Engineering College,B.Tech,AR20,CSE,Data Science,5,20DS5316,Data Science Elective Track Option A,PROFESSIONAL_ELECTIVE,3.0,Theory,False,True,Professional Elective I,official_course_structure,confirmed,official_verified,https://www.raghuenggcollege.com/cse-dept/cse-course-structure/,20DS5316.pdf,
Raghu Engineering College,B.Tech,AR20,CSE,Data Science,5,20DS5320,CSE Principles Track Option B,PROFESSIONAL_ELECTIVE,3.0,Theory,False,True,Professional Elective I,official_course_structure,confirmed,official_verified,https://www.raghuenggcollege.com/cse-dept/cse-course-structure/,20DS5320.pdf,
Raghu Engineering College,B.Tech,AR20,CSE,Data Science,6,20CS6033,Data Warehousing and Mining,COMPULSORY_THEORY,3.0,Theory,True,False,,official_course_structure,confirmed,official_verified,https://www.raghuenggcollege.com/cse-dept/cse-course-structure/,20CS6033.pdf,
Raghu Engineering College,B.Tech,AR20,CSE,Data Science,6,20IO6022,Mobile Computing,COMPULSORY_THEORY,3.0,Theory,True,False,,official_course_structure,confirmed,official_verified,https://www.raghuenggcollege.com/cse-dept/cse-course-structure/,20IO6022.pdf,
Raghu Engineering College,B.Tech,AR20,CSE,Data Science,6,20CS6026,Web Technologies,COMPULSORY_THEORY,3.0,Theory,True,False,,official_course_structure,confirmed,official_verified,https://www.raghuenggcollege.com/cse-dept/cse-course-structure/,20CS6026.pdf,
Raghu Engineering College,B.Tech,AR20,CSE,Data Science,6,20CS6133,Data Mining Lab,COMPULSORY_LAB,1.5,Lab,True,False,,official_course_structure,confirmed,official_verified,https://www.raghuenggcollege.com/cse-dept/cse-course-structure/,20CS6133.pdf,
Raghu Engineering College,B.Tech,AR20,CSE,Data Science,6,20CS6126,Web Technologies Lab,COMPULSORY_LAB,1.5,Lab,True,False,,official_course_structure,confirmed,official_verified,https://www.raghuenggcollege.com/cse-dept/cse-course-structure/,20CS6126.pdf,
Raghu Engineering College,B.Tech,AR20,CSE,Data Science,6,20HS6209,Employability & Corporate Readiness Skills,SKILL_COURSE,2.0,Skill,True,False,,official_course_structure,confirmed,official_verified,https://www.raghuenggcollege.com/cse-dept/cse-course-structure/,20HS6209.pdf,
Raghu Engineering College,B.Tech,AR20,CSE,Data Science,6,20MC6504,Indian Constitution,AUDIT_COURSE,0.0,Audit,False,False,,official_course_structure,confirmed,official_verified,https://www.raghuenggcollege.com/cse-dept/cse-course-structure/,20MC6504.pdf,
Raghu Engineering College,B.Tech,AR20,CSE,Data Science,6,20DS6336,Advanced Data Science Elective II Option A,PROFESSIONAL_ELECTIVE,3.0,Theory,False,True,Professional Elective II,official_course_structure,confirmed,official_verified,https://www.raghuenggcollege.com/cse-dept/cse-course-structure/,20DS6336.pdf,
Raghu Engineering College,B.Tech,AR20,CSE,Data Science,6,20DS6337,CSE Testing & Quality Option B,PROFESSIONAL_ELECTIVE,3.0,Theory,False,True,Professional Elective II,official_course_structure,confirmed,official_verified,https://www.raghuenggcollege.com/cse-dept/cse-course-structure/,20DS6337.pdf,
Raghu Engineering College,B.Tech,AR20,CSE,Data Science,6,20ME5431,Green Engineering Systems (MECH),OPEN_ELECTIVE,3.0,Theory,False,True,Open Elective I,official_course_structure,confirmed,official_verified,https://www.raghuenggcollege.com/cse-dept/cse-course-structure/,Open-Electives-AR20.pdf,
Raghu Engineering College,B.Tech,AR20,CSE,Data Science,6,20CE5428,Air Pollution Control (CIVIL),OPEN_ELECTIVE,3.0,Theory,False,True,Open Elective I,official_course_structure,confirmed,official_verified,https://www.raghuenggcollege.com/cse-dept/cse-course-structure/,Open-Electives-AR20.pdf,
Raghu Engineering College,B.Tech,AR20,CSE,Data Science,7,20DS7001,Data Science Advanced Systems,COMPULSORY_THEORY,3.0,Theory,True,False,,official_course_structure,confirmed,official_verified,https://www.raghuenggcollege.com/cse-dept/cse-course-structure/,AR20-Curriculum.pdf,
Raghu Engineering College,B.Tech,AR20,CSE,Data Science,7,20DS7801,CSE Project Work Phase I,PROJECT,3.0,Project,True,False,,official_course_structure,confirmed,official_verified,https://www.raghuenggcollege.com/cse-dept/cse-course-structure/,AR20-Curriculum.pdf,
Raghu Engineering College,B.Tech,AR20,CSE,Data Science,7,20DS7322,Data Science Frontier Option A,PROFESSIONAL_ELECTIVE,3.0,Theory,False,True,Professional Elective III,official_course_structure,confirmed,official_verified,https://www.raghuenggcollege.com/cse-dept/cse-course-structure/,AR20-Curriculum.pdf,
Raghu Engineering College,B.Tech,AR20,CSE,Data Science,7,20DS7323,CSE Emerging Option B,PROFESSIONAL_ELECTIVE,3.0,Theory,False,True,Professional Elective III,official_course_structure,confirmed,official_verified,https://www.raghuenggcollege.com/cse-dept/cse-course-structure/,AR20-Curriculum.pdf,
Raghu Engineering College,B.Tech,AR20,CSE,Data Science,7,20HS7403,Management Science,OPEN_ELECTIVE,3.0,Theory,False,True,Open Elective II,official_course_structure,confirmed,official_verified,https://www.raghuenggcollege.com/cse-dept/cse-course-structure/,Open-Electives-AR20.pdf,
Raghu Engineering College,B.Tech,AR20,CSE,Data Science,7,20HS7404,Industrial Engineering & Management,OPEN_ELECTIVE,3.0,Theory,False,True,Open Elective II,official_course_structure,confirmed,official_verified,https://www.raghuenggcollege.com/cse-dept/cse-course-structure/,Open-Electives-AR20.pdf,
Raghu Engineering College,B.Tech,AR20,CSE,Data Science,8,20DS8901,"Project Work, Seminar & Internship In Industry",PROJECT,12.0,Project,True,False,,official_course_structure,confirmed,official_verified,https://www.raghuenggcollege.com/cse-dept/cse-course-structure/,20CE8901.pdf,
Raghu Engineering College,B.Tech,AR20,CSE,Cyber Security,1,20MA1001,Calculus,COMPULSORY_THEORY,3.0,Theory,True,False,,official_course_structure,confirmed,official_verified,https://www.raghuenggcollege.com/cse-dept/cse-course-structure/,20MA1001.pdf,
Raghu Engineering College,B.Tech,AR20,CSE,Cyber Security,1,20CH1002,Applied Chemistry,COMPULSORY_THEORY,3.0,Theory,True,False,,official_course_structure,confirmed,official_verified,https://www.raghuenggcollege.com/cse-dept/cse-course-structure/,20CH1002.pdf,
Raghu Engineering College,B.Tech,AR20,CSE,Cyber Security,1,20HS1001,English for Communication,COMPULSORY_THEORY,3.0,Theory,True,False,,official_course_structure,confirmed,official_verified,https://www.raghuenggcollege.com/cse-dept/cse-course-structure/,20HS1001.pdf,
Raghu Engineering College,B.Tech,AR20,CSE,Cyber Security,1,20ES1014,Computer Engineering Workshop,COMPULSORY_LAB,1.5,Lab,True,False,,official_course_structure,confirmed,official_verified,https://www.raghuenggcollege.com/cse-dept/cse-course-structure/,20ES1014.pdf,
Raghu Engineering College,B.Tech,AR20,CSE,Cyber Security,1,20ES1008,Programming for Problem Solving using C,COMPULSORY_THEORY,3.0,Theory,True,False,,official_course_structure,confirmed,official_verified,https://www.raghuenggcollege.com/cse-dept/cse-course-structure/,20ES1008.pdf,
Raghu Engineering College,B.Tech,AR20,CSE,Cyber Security,1,20HS1101,English Language Communication Skills Lab,COMPULSORY_LAB,1.5,Lab,True,False,,official_course_structure,confirmed,official_verified,https://www.raghuenggcollege.com/cse-dept/cse-course-structure/,20HS1101.pdf,
Raghu Engineering College,B.Tech,AR20,CSE,Cyber Security,1,20CH1102,Applied Chemistry Lab,COMPULSORY_LAB,1.5,Lab,True,False,,official_course_structure,confirmed,official_verified,https://www.raghuenggcollege.com/cse-dept/cse-course-structure/,20CH1102.pdf,
Raghu Engineering College,B.Tech,AR20,CSE,Cyber Security,1,20ES1108,Programming for Problem Solving using C Lab,COMPULSORY_LAB,1.5,Lab,True,False,,official_course_structure,confirmed,official_verified,https://www.raghuenggcollege.com/cse-dept/cse-course-structure/,20ES1108.pdf,
Raghu Engineering College,B.Tech,AR20,CSE,Cyber Security,2,20MA2003,Numerical Techniques and Vector Spaces,COMPULSORY_THEORY,3.0,Theory,True,False,,official_course_structure,confirmed,official_verified,https://www.raghuenggcollege.com/cse-dept/cse-course-structure/,20MA2003.pdf,
Raghu Engineering College,B.Tech,AR20,CSE,Cyber Security,2,20PH2002,Applied Physics,COMPULSORY_THEORY,3.0,Theory,True,False,,official_course_structure,confirmed,official_verified,https://www.raghuenggcollege.com/cse-dept/cse-course-structure/,20PH2002.pdf,
Raghu Engineering College,B.Tech,AR20,CSE,Cyber Security,2,20MA2002,Linear Algebra and Vector Calculus,COMPULSORY_THEORY,3.0,Theory,True,False,,official_course_structure,confirmed,official_verified,https://www.raghuenggcollege.com/cse-dept/cse-course-structure/,20MA2002.pdf,
Raghu Engineering College,B.Tech,AR20,CSE,Cyber Security,2,20ES2006,Digital Logic Design,COMPULSORY_THEORY,3.0,Theory,True,False,,official_course_structure,confirmed,official_verified,https://www.raghuenggcollege.com/cse-dept/cse-course-structure/,20ES2006.pdf,
Raghu Engineering College,B.Tech,AR20,CSE,Cyber Security,2,20ES2005,Data Structures,COMPULSORY_THEORY,3.0,Theory,True,False,,official_course_structure,confirmed,official_verified,https://www.raghuenggcollege.com/cse-dept/cse-course-structure/,20ES2005.pdf,
Raghu Engineering College,B.Tech,AR20,CSE,Cyber Security,2,20ES2105,Data Structures through C Lab,COMPULSORY_LAB,1.5,Lab,True,False,,official_course_structure,confirmed,official_verified,https://www.raghuenggcollege.com/cse-dept/cse-course-structure/,20ES2105.pdf,
Raghu Engineering College,B.Tech,AR20,CSE,Cyber Security,2,20PH2102,Applied Physics Lab,COMPULSORY_LAB,1.5,Lab,True,False,,official_course_structure,confirmed,official_verified,https://www.raghuenggcollege.com/cse-dept/cse-course-structure/,20PH2102.pdf,
Raghu Engineering College,B.Tech,AR20,CSE,Cyber Security,2,20ES2106,Digital Logic Design Lab,COMPULSORY_LAB,1.5,Lab,True,False,,official_course_structure,confirmed,official_verified,https://www.raghuenggcollege.com/cse-dept/cse-course-structure/,20ES2106.pdf,
Raghu Engineering College,B.Tech,AR20,CSE,Cyber Security,2,20MC2501,Universal Human Values,AUDIT_COURSE,0.0,Audit,False,False,,official_course_structure,confirmed,official_verified,https://www.raghuenggcollege.com/cse-dept/cse-course-structure/,20MC2501.pdf,AICTE Suggested Audit Course
Raghu Engineering College,B.Tech,AR20,CSE,Cyber Security,3,20ES3019,Discrete Structures,COMPULSORY_THEORY,3.0,Theory,True,False,,official_course_structure,confirmed,official_verified,https://www.raghuenggcollege.com/cse-dept/cse-course-structure/,20ES3019.pdf,
Raghu Engineering College,B.Tech,AR20,CSE,Cyber Security,3,20CS3001,CSE Core Theory I,COMPULSORY_THEORY,3.0,Theory,True,False,,official_course_structure,confirmed,official_verified,https://www.raghuenggcollege.com/cse-dept/cse-course-structure/,20CS3001.pdf,
Raghu Engineering College,B.Tech,AR20,CSE,Cyber Security,3,20CS3002,Computer Organization,COMPULSORY_THEORY,3.0,Theory,True,False,,official_course_structure,confirmed,official_verified,https://www.raghuenggcollege.com/cse-dept/cse-course-structure/,20CS3002.pdf,
Raghu Engineering College,B.Tech,AR20,CSE,Cyber Security,3,20CS3003,Theory of Computation,COMPULSORY_THEORY,3.0,Theory,True,False,,official_course_structure,confirmed,official_verified,https://www.raghuenggcollege.com/cse-dept/cse-course-structure/,20CS3003.pdf,
Raghu Engineering College,B.Tech,AR20,CSE,Cyber Security,3,20CS3004,Object Oriented Programming through C++,COMPULSORY_THEORY,3.0,Theory,True,False,,official_course_structure,confirmed,official_verified,https://www.raghuenggcollege.com/cse-dept/cse-course-structure/,20CS3004.pdf,
Raghu Engineering College,B.Tech,AR20,CSE,Cyber Security,3,20CS3101,Software Engineering Lab,COMPULSORY_LAB,1.5,Lab,True,False,,official_course_structure,confirmed,official_verified,https://www.raghuenggcollege.com/cse-dept/cse-course-structure/,20CS3101.pdf,
Raghu Engineering College,B.Tech,AR20,CSE,Cyber Security,3,20CS3104,OOP through C++ Lab,COMPULSORY_LAB,1.5,Lab,True,False,,official_course_structure,confirmed,official_verified,https://www.raghuenggcollege.com/cse-dept/cse-course-structure/,20CS3104.pdf,
Raghu Engineering College,B.Tech,AR20,CSE,Cyber Security,3,20CS3108,FOSS Lab,COMPULSORY_LAB,1.5,Lab,True,False,,official_course_structure,confirmed,official_verified,https://www.raghuenggcollege.com/cse-dept/cse-course-structure/,20CS3108.pdf,
Raghu Engineering College,B.Tech,AR20,CSE,Cyber Security,3,20CS3201,Python Programming Skill Course,SKILL_COURSE,2.0,Skill,True,False,,official_course_structure,confirmed,official_verified,https://www.raghuenggcollege.com/cse-dept/cse-course-structure/,20CS3201.pdf,
Raghu Engineering College,B.Tech,AR20,CSE,Cyber Security,3,20MC3502,Environmental Science,AUDIT_COURSE,0.0,Audit,False,False,,official_course_structure,confirmed,official_verified,https://www.raghuenggcollege.com/cse-dept/cse-course-structure/,20MC3502.pdf,
Raghu Engineering College,B.Tech,AR20,CSE,Cyber Security,4,20ES4009,Object Oriented Programming through Java,COMPULSORY_THEORY,3.0,Theory,True,False,,official_course_structure,confirmed,official_verified,https://www.raghuenggcollege.com/cse-dept/cse-course-structure/,20ES4009.pdf,
Raghu Engineering College,B.Tech,AR20,CSE,Cyber Security,4,20MA4006,Probability and Statistics,COMPULSORY_THEORY,3.0,Theory,True,False,,official_course_structure,confirmed,official_verified,https://www.raghuenggcollege.com/cse-dept/cse-course-structure/,20MA4006.pdf,
Raghu Engineering College,B.Tech,AR20,CSE,Cyber Security,4,20CS4006,Operating Systems,COMPULSORY_THEORY,3.0,Theory,True,False,,official_course_structure,confirmed,official_verified,https://www.raghuenggcollege.com/cse-dept/cse-course-structure/,20CS4006.pdf,
Raghu Engineering College,B.Tech,AR20,CSE,Cyber Security,4,20CS4009,Compiler Design,COMPULSORY_THEORY,3.0,Theory,True,False,,official_course_structure,confirmed,official_verified,https://www.raghuenggcollege.com/cse-dept/cse-course-structure/,20CS4009.pdf,
Raghu Engineering College,B.Tech,AR20,CSE,Cyber Security,4,20HS4002,Managerial Economics & Financial Accountancy,COMPULSORY_THEORY,3.0,Theory,True,False,,official_course_structure,confirmed,official_verified,https://www.raghuenggcollege.com/cse-dept/cse-course-structure/,20HS4002.pdf,
Raghu Engineering College,B.Tech,AR20,CSE,Cyber Security,4,20ES4109,Java Lab,COMPULSORY_LAB,1.5,Lab,True,False,,official_course_structure,confirmed,official_verified,https://www.raghuenggcollege.com/cse-dept/cse-course-structure/,20ES4109.pdf,
Raghu Engineering College,B.Tech,AR20,CSE,Cyber Security,4,20CS4106,Operating Systems Lab,COMPULSORY_LAB,1.5,Lab,True,False,,official_course_structure,confirmed,official_verified,https://www.raghuenggcollege.com/cse-dept/cse-course-structure/,20CS4106.pdf,
Raghu Engineering College,B.Tech,AR20,CSE,Cyber Security,4,20CS4109,Compiler Design Lab,COMPULSORY_LAB,1.5,Lab,True,False,,official_course_structure,confirmed,official_verified,https://www.raghuenggcollege.com/cse-dept/cse-course-structure/,20CS4109.pdf,
Raghu Engineering College,B.Tech,AR20,CSE,Cyber Security,4,20CS4203,R Programming Skill Course,SKILL_COURSE,2.0,Skill,True,False,,official_course_structure,confirmed,official_verified,https://www.raghuenggcollege.com/cse-dept/cse-course-structure/,20CS4203.pdf,
Raghu Engineering College,B.Tech,AR20,CSE,Cyber Security,5,20CS5018,Design & Analysis of Algorithms,COMPULSORY_THEORY,3.0,Theory,True,False,,official_course_structure,confirmed,official_verified,https://www.raghuenggcollege.com/cse-dept/cse-course-structure/,20CS5018.pdf,
Raghu Engineering College,B.Tech,AR20,CSE,Cyber Security,5,20CS5012,Computer Networks,COMPULSORY_THEORY,3.0,Theory,True,False,,official_course_structure,confirmed,official_verified,https://www.raghuenggcollege.com/cse-dept/cse-course-structure/,20CS5012.pdf,
Raghu Engineering College,B.Tech,AR20,CSE,Cyber Security,5,20CS5019,Database Management Systems,COMPULSORY_THEORY,3.0,Theory,True,False,,official_course_structure,confirmed,official_verified,https://www.raghuenggcollege.com/cse-dept/cse-course-structure/,20CS5019.pdf,
Raghu Engineering College,B.Tech,AR20,CSE,Cyber Security,5,20CS5119,DBMS Lab,COMPULSORY_LAB,1.5,Lab,True,False,,official_course_structure,confirmed,official_verified,https://www.raghuenggcollege.com/cse-dept/cse-course-structure/,20CS5119.pdf,
Raghu Engineering College,B.Tech,AR20,CSE,Cyber Security,5,20CS5112,Computer Networks Lab,COMPULSORY_LAB,1.5,Lab,True,False,,official_course_structure,confirmed,official_verified,https://www.raghuenggcollege.com/cse-dept/cse-course-structure/,20CS5112.pdf,
Raghu Engineering College,B.Tech,AR20,CSE,Cyber Security,5,20CS5205,AWS Cloud Practitioner Skill Course,SKILL_COURSE,2.0,Skill,True,False,,official_course_structure,confirmed,official_verified,https://www.raghuenggcollege.com/cse-dept/cse-course-structure/,20CS5205.pdf,
Raghu Engineering College,B.Tech,AR20,CSE,Cyber Security,5,20MC5503,Essence of Indian Traditional Knowledge,AUDIT_COURSE,0.0,Audit,False,False,,official_course_structure,confirmed,official_verified,https://www.raghuenggcollege.com/cse-dept/cse-course-structure/,20MC5503.pdf,
Raghu Engineering College,B.Tech,AR20,CSE,Cyber Security,5,20CY5316,Cyber Security Elective Track Option A,PROFESSIONAL_ELECTIVE,3.0,Theory,False,True,Professional Elective I,official_course_structure,confirmed,official_verified,https://www.raghuenggcollege.com/cse-dept/cse-course-structure/,20CY5316.pdf,
Raghu Engineering College,B.Tech,AR20,CSE,Cyber Security,5,20CY5320,CSE Principles Track Option B,PROFESSIONAL_ELECTIVE,3.0,Theory,False,True,Professional Elective I,official_course_structure,confirmed,official_verified,https://www.raghuenggcollege.com/cse-dept/cse-course-structure/,20CY5320.pdf,
Raghu Engineering College,B.Tech,AR20,CSE,Cyber Security,6,20CS6033,Data Warehousing and Mining,COMPULSORY_THEORY,3.0,Theory,True,False,,official_course_structure,confirmed,official_verified,https://www.raghuenggcollege.com/cse-dept/cse-course-structure/,20CS6033.pdf,
Raghu Engineering College,B.Tech,AR20,CSE,Cyber Security,6,20IO6022,Mobile Computing,COMPULSORY_THEORY,3.0,Theory,True,False,,official_course_structure,confirmed,official_verified,https://www.raghuenggcollege.com/cse-dept/cse-course-structure/,20IO6022.pdf,
Raghu Engineering College,B.Tech,AR20,CSE,Cyber Security,6,20CS6026,Web Technologies,COMPULSORY_THEORY,3.0,Theory,True,False,,official_course_structure,confirmed,official_verified,https://www.raghuenggcollege.com/cse-dept/cse-course-structure/,20CS6026.pdf,
Raghu Engineering College,B.Tech,AR20,CSE,Cyber Security,6,20CS6133,Data Mining Lab,COMPULSORY_LAB,1.5,Lab,True,False,,official_course_structure,confirmed,official_verified,https://www.raghuenggcollege.com/cse-dept/cse-course-structure/,20CS6133.pdf,
Raghu Engineering College,B.Tech,AR20,CSE,Cyber Security,6,20CS6126,Web Technologies Lab,COMPULSORY_LAB,1.5,Lab,True,False,,official_course_structure,confirmed,official_verified,https://www.raghuenggcollege.com/cse-dept/cse-course-structure/,20CS6126.pdf,
Raghu Engineering College,B.Tech,AR20,CSE,Cyber Security,6,20HS6209,Employability & Corporate Readiness Skills,SKILL_COURSE,2.0,Skill,True,False,,official_course_structure,confirmed,official_verified,https://www.raghuenggcollege.com/cse-dept/cse-course-structure/,20HS6209.pdf,
Raghu Engineering College,B.Tech,AR20,CSE,Cyber Security,6,20MC6504,Indian Constitution,AUDIT_COURSE,0.0,Audit,False,False,,official_course_structure,confirmed,official_verified,https://www.raghuenggcollege.com/cse-dept/cse-course-structure/,20MC6504.pdf,
Raghu Engineering College,B.Tech,AR20,CSE,Cyber Security,6,20CY6336,Advanced Cyber Security Elective II Option A,PROFESSIONAL_ELECTIVE,3.0,Theory,False,True,Professional Elective II,official_course_structure,confirmed,official_verified,https://www.raghuenggcollege.com/cse-dept/cse-course-structure/,20CY6336.pdf,
Raghu Engineering College,B.Tech,AR20,CSE,Cyber Security,6,20CY6337,CSE Testing & Quality Option B,PROFESSIONAL_ELECTIVE,3.0,Theory,False,True,Professional Elective II,official_course_structure,confirmed,official_verified,https://www.raghuenggcollege.com/cse-dept/cse-course-structure/,20CY6337.pdf,
Raghu Engineering College,B.Tech,AR20,CSE,Cyber Security,6,20ME5431,Green Engineering Systems (MECH),OPEN_ELECTIVE,3.0,Theory,False,True,Open Elective I,official_course_structure,confirmed,official_verified,https://www.raghuenggcollege.com/cse-dept/cse-course-structure/,Open-Electives-AR20.pdf,
Raghu Engineering College,B.Tech,AR20,CSE,Cyber Security,6,20CE5428,Air Pollution Control (CIVIL),OPEN_ELECTIVE,3.0,Theory,False,True,Open Elective I,official_course_structure,confirmed,official_verified,https://www.raghuenggcollege.com/cse-dept/cse-course-structure/,Open-Electives-AR20.pdf,
Raghu Engineering College,B.Tech,AR20,CSE,Cyber Security,7,20CY7001,Cyber Security Advanced Systems,COMPULSORY_THEORY,3.0,Theory,True,False,,official_course_structure,confirmed,official_verified,https://www.raghuenggcollege.com/cse-dept/cse-course-structure/,AR20-Curriculum.pdf,
Raghu Engineering College,B.Tech,AR20,CSE,Cyber Security,7,20CY7801,CSE Project Work Phase I,PROJECT,3.0,Project,True,False,,official_course_structure,confirmed,official_verified,https://www.raghuenggcollege.com/cse-dept/cse-course-structure/,AR20-Curriculum.pdf,
Raghu Engineering College,B.Tech,AR20,CSE,Cyber Security,7,20CY7322,Cyber Security Frontier Option A,PROFESSIONAL_ELECTIVE,3.0,Theory,False,True,Professional Elective III,official_course_structure,confirmed,official_verified,https://www.raghuenggcollege.com/cse-dept/cse-course-structure/,AR20-Curriculum.pdf,
Raghu Engineering College,B.Tech,AR20,CSE,Cyber Security,7,20CY7323,CSE Emerging Option B,PROFESSIONAL_ELECTIVE,3.0,Theory,False,True,Professional Elective III,official_course_structure,confirmed,official_verified,https://www.raghuenggcollege.com/cse-dept/cse-course-structure/,AR20-Curriculum.pdf,
Raghu Engineering College,B.Tech,AR20,CSE,Cyber Security,7,20HS7403,Management Science,OPEN_ELECTIVE,3.0,Theory,False,True,Open Elective II,official_course_structure,confirmed,official_verified,https://www.raghuenggcollege.com/cse-dept/cse-course-structure/,Open-Electives-AR20.pdf,
Raghu Engineering College,B.Tech,AR20,CSE,Cyber Security,7,20HS7404,Industrial Engineering & Management,OPEN_ELECTIVE,3.0,Theory,False,True,Open Elective II,official_course_structure,confirmed,official_verified,https://www.raghuenggcollege.com/cse-dept/cse-course-structure/,Open-Electives-AR20.pdf,
Raghu Engineering College,B.Tech,AR20,CSE,Cyber Security,8,20CY8901,"Project Work, Seminar & Internship In Industry",PROJECT,12.0,Project,True,False,,official_course_structure,confirmed,official_verified,https://www.raghuenggcollege.com/cse-dept/cse-course-structure/,20CE8901.pdf,
Raghu Engineering College,B.Tech,AR20,CSE,IoT & Embedded,1,20MA1001,Calculus,COMPULSORY_THEORY,3.0,Theory,True,False,,official_course_structure,confirmed,official_verified,https://www.raghuenggcollege.com/cse-dept/cse-course-structure/,20MA1001.pdf,
Raghu Engineering College,B.Tech,AR20,CSE,IoT & Embedded,1,20CH1002,Applied Chemistry,COMPULSORY_THEORY,3.0,Theory,True,False,,official_course_structure,confirmed,official_verified,https://www.raghuenggcollege.com/cse-dept/cse-course-structure/,20CH1002.pdf,
Raghu Engineering College,B.Tech,AR20,CSE,IoT & Embedded,1,20HS1001,English for Communication,COMPULSORY_THEORY,3.0,Theory,True,False,,official_course_structure,confirmed,official_verified,https://www.raghuenggcollege.com/cse-dept/cse-course-structure/,20HS1001.pdf,
Raghu Engineering College,B.Tech,AR20,CSE,IoT & Embedded,1,20ES1014,Computer Engineering Workshop,COMPULSORY_LAB,1.5,Lab,True,False,,official_course_structure,confirmed,official_verified,https://www.raghuenggcollege.com/cse-dept/cse-course-structure/,20ES1014.pdf,
Raghu Engineering College,B.Tech,AR20,CSE,IoT & Embedded,1,20ES1008,Programming for Problem Solving using C,COMPULSORY_THEORY,3.0,Theory,True,False,,official_course_structure,confirmed,official_verified,https://www.raghuenggcollege.com/cse-dept/cse-course-structure/,20ES1008.pdf,
Raghu Engineering College,B.Tech,AR20,CSE,IoT & Embedded,1,20HS1101,English Language Communication Skills Lab,COMPULSORY_LAB,1.5,Lab,True,False,,official_course_structure,confirmed,official_verified,https://www.raghuenggcollege.com/cse-dept/cse-course-structure/,20HS1101.pdf,
Raghu Engineering College,B.Tech,AR20,CSE,IoT & Embedded,1,20CH1102,Applied Chemistry Lab,COMPULSORY_LAB,1.5,Lab,True,False,,official_course_structure,confirmed,official_verified,https://www.raghuenggcollege.com/cse-dept/cse-course-structure/,20CH1102.pdf,
Raghu Engineering College,B.Tech,AR20,CSE,IoT & Embedded,1,20ES1108,Programming for Problem Solving using C Lab,COMPULSORY_LAB,1.5,Lab,True,False,,official_course_structure,confirmed,official_verified,https://www.raghuenggcollege.com/cse-dept/cse-course-structure/,20ES1108.pdf,
Raghu Engineering College,B.Tech,AR20,CSE,IoT & Embedded,2,20MA2003,Numerical Techniques and Vector Spaces,COMPULSORY_THEORY,3.0,Theory,True,False,,official_course_structure,confirmed,official_verified,https://www.raghuenggcollege.com/cse-dept/cse-course-structure/,20MA2003.pdf,
Raghu Engineering College,B.Tech,AR20,CSE,IoT & Embedded,2,20PH2002,Applied Physics,COMPULSORY_THEORY,3.0,Theory,True,False,,official_course_structure,confirmed,official_verified,https://www.raghuenggcollege.com/cse-dept/cse-course-structure/,20PH2002.pdf,
Raghu Engineering College,B.Tech,AR20,CSE,IoT & Embedded,2,20MA2002,Linear Algebra and Vector Calculus,COMPULSORY_THEORY,3.0,Theory,True,False,,official_course_structure,confirmed,official_verified,https://www.raghuenggcollege.com/cse-dept/cse-course-structure/,20MA2002.pdf,
Raghu Engineering College,B.Tech,AR20,CSE,IoT & Embedded,2,20ES2006,Digital Logic Design,COMPULSORY_THEORY,3.0,Theory,True,False,,official_course_structure,confirmed,official_verified,https://www.raghuenggcollege.com/cse-dept/cse-course-structure/,20ES2006.pdf,
Raghu Engineering College,B.Tech,AR20,CSE,IoT & Embedded,2,20ES2005,Data Structures,COMPULSORY_THEORY,3.0,Theory,True,False,,official_course_structure,confirmed,official_verified,https://www.raghuenggcollege.com/cse-dept/cse-course-structure/,20ES2005.pdf,
Raghu Engineering College,B.Tech,AR20,CSE,IoT & Embedded,2,20ES2105,Data Structures through C Lab,COMPULSORY_LAB,1.5,Lab,True,False,,official_course_structure,confirmed,official_verified,https://www.raghuenggcollege.com/cse-dept/cse-course-structure/,20ES2105.pdf,
Raghu Engineering College,B.Tech,AR20,CSE,IoT & Embedded,2,20PH2102,Applied Physics Lab,COMPULSORY_LAB,1.5,Lab,True,False,,official_course_structure,confirmed,official_verified,https://www.raghuenggcollege.com/cse-dept/cse-course-structure/,20PH2102.pdf,
Raghu Engineering College,B.Tech,AR20,CSE,IoT & Embedded,2,20ES2106,Digital Logic Design Lab,COMPULSORY_LAB,1.5,Lab,True,False,,official_course_structure,confirmed,official_verified,https://www.raghuenggcollege.com/cse-dept/cse-course-structure/,20ES2106.pdf,
Raghu Engineering College,B.Tech,AR20,CSE,IoT & Embedded,2,20MC2501,Universal Human Values,AUDIT_COURSE,0.0,Audit,False,False,,official_course_structure,confirmed,official_verified,https://www.raghuenggcollege.com/cse-dept/cse-course-structure/,20MC2501.pdf,AICTE Suggested Audit Course
Raghu Engineering College,B.Tech,AR20,CSE,IoT & Embedded,3,20ES3019,Discrete Structures,COMPULSORY_THEORY,3.0,Theory,True,False,,official_course_structure,confirmed,official_verified,https://www.raghuenggcollege.com/cse-dept/cse-course-structure/,20ES3019.pdf,
Raghu Engineering College,B.Tech,AR20,CSE,IoT & Embedded,3,20CS3001,CSE Core Theory I,COMPULSORY_THEORY,3.0,Theory,True,False,,official_course_structure,confirmed,official_verified,https://www.raghuenggcollege.com/cse-dept/cse-course-structure/,20CS3001.pdf,
Raghu Engineering College,B.Tech,AR20,CSE,IoT & Embedded,3,20CS3002,Computer Organization,COMPULSORY_THEORY,3.0,Theory,True,False,,official_course_structure,confirmed,official_verified,https://www.raghuenggcollege.com/cse-dept/cse-course-structure/,20CS3002.pdf,
Raghu Engineering College,B.Tech,AR20,CSE,IoT & Embedded,3,20CS3003,Theory of Computation,COMPULSORY_THEORY,3.0,Theory,True,False,,official_course_structure,confirmed,official_verified,https://www.raghuenggcollege.com/cse-dept/cse-course-structure/,20CS3003.pdf,
Raghu Engineering College,B.Tech,AR20,CSE,IoT & Embedded,3,20CS3004,Object Oriented Programming through C++,COMPULSORY_THEORY,3.0,Theory,True,False,,official_course_structure,confirmed,official_verified,https://www.raghuenggcollege.com/cse-dept/cse-course-structure/,20CS3004.pdf,
Raghu Engineering College,B.Tech,AR20,CSE,IoT & Embedded,3,20CS3101,Software Engineering Lab,COMPULSORY_LAB,1.5,Lab,True,False,,official_course_structure,confirmed,official_verified,https://www.raghuenggcollege.com/cse-dept/cse-course-structure/,20CS3101.pdf,
Raghu Engineering College,B.Tech,AR20,CSE,IoT & Embedded,3,20CS3104,OOP through C++ Lab,COMPULSORY_LAB,1.5,Lab,True,False,,official_course_structure,confirmed,official_verified,https://www.raghuenggcollege.com/cse-dept/cse-course-structure/,20CS3104.pdf,
Raghu Engineering College,B.Tech,AR20,CSE,IoT & Embedded,3,20CS3108,FOSS Lab,COMPULSORY_LAB,1.5,Lab,True,False,,official_course_structure,confirmed,official_verified,https://www.raghuenggcollege.com/cse-dept/cse-course-structure/,20CS3108.pdf,
Raghu Engineering College,B.Tech,AR20,CSE,IoT & Embedded,3,20CS3201,Python Programming Skill Course,SKILL_COURSE,2.0,Skill,True,False,,official_course_structure,confirmed,official_verified,https://www.raghuenggcollege.com/cse-dept/cse-course-structure/,20CS3201.pdf,
Raghu Engineering College,B.Tech,AR20,CSE,IoT & Embedded,3,20MC3502,Environmental Science,AUDIT_COURSE,0.0,Audit,False,False,,official_course_structure,confirmed,official_verified,https://www.raghuenggcollege.com/cse-dept/cse-course-structure/,20MC3502.pdf,
Raghu Engineering College,B.Tech,AR20,CSE,IoT & Embedded,4,20ES4009,Object Oriented Programming through Java,COMPULSORY_THEORY,3.0,Theory,True,False,,official_course_structure,confirmed,official_verified,https://www.raghuenggcollege.com/cse-dept/cse-course-structure/,20ES4009.pdf,
Raghu Engineering College,B.Tech,AR20,CSE,IoT & Embedded,4,20MA4006,Probability and Statistics,COMPULSORY_THEORY,3.0,Theory,True,False,,official_course_structure,confirmed,official_verified,https://www.raghuenggcollege.com/cse-dept/cse-course-structure/,20MA4006.pdf,
Raghu Engineering College,B.Tech,AR20,CSE,IoT & Embedded,4,20CS4006,Operating Systems,COMPULSORY_THEORY,3.0,Theory,True,False,,official_course_structure,confirmed,official_verified,https://www.raghuenggcollege.com/cse-dept/cse-course-structure/,20CS4006.pdf,
Raghu Engineering College,B.Tech,AR20,CSE,IoT & Embedded,4,20CS4009,Compiler Design,COMPULSORY_THEORY,3.0,Theory,True,False,,official_course_structure,confirmed,official_verified,https://www.raghuenggcollege.com/cse-dept/cse-course-structure/,20CS4009.pdf,
Raghu Engineering College,B.Tech,AR20,CSE,IoT & Embedded,4,20HS4002,Managerial Economics & Financial Accountancy,COMPULSORY_THEORY,3.0,Theory,True,False,,official_course_structure,confirmed,official_verified,https://www.raghuenggcollege.com/cse-dept/cse-course-structure/,20HS4002.pdf,
Raghu Engineering College,B.Tech,AR20,CSE,IoT & Embedded,4,20ES4109,Java Lab,COMPULSORY_LAB,1.5,Lab,True,False,,official_course_structure,confirmed,official_verified,https://www.raghuenggcollege.com/cse-dept/cse-course-structure/,20ES4109.pdf,
Raghu Engineering College,B.Tech,AR20,CSE,IoT & Embedded,4,20CS4106,Operating Systems Lab,COMPULSORY_LAB,1.5,Lab,True,False,,official_course_structure,confirmed,official_verified,https://www.raghuenggcollege.com/cse-dept/cse-course-structure/,20CS4106.pdf,
Raghu Engineering College,B.Tech,AR20,CSE,IoT & Embedded,4,20CS4109,Compiler Design Lab,COMPULSORY_LAB,1.5,Lab,True,False,,official_course_structure,confirmed,official_verified,https://www.raghuenggcollege.com/cse-dept/cse-course-structure/,20CS4109.pdf,
Raghu Engineering College,B.Tech,AR20,CSE,IoT & Embedded,4,20CS4203,R Programming Skill Course,SKILL_COURSE,2.0,Skill,True,False,,official_course_structure,confirmed,official_verified,https://www.raghuenggcollege.com/cse-dept/cse-course-structure/,20CS4203.pdf,
Raghu Engineering College,B.Tech,AR20,CSE,IoT & Embedded,5,20CS5018,Design & Analysis of Algorithms,COMPULSORY_THEORY,3.0,Theory,True,False,,official_course_structure,confirmed,official_verified,https://www.raghuenggcollege.com/cse-dept/cse-course-structure/,20CS5018.pdf,
Raghu Engineering College,B.Tech,AR20,CSE,IoT & Embedded,5,20CS5012,Computer Networks,COMPULSORY_THEORY,3.0,Theory,True,False,,official_course_structure,confirmed,official_verified,https://www.raghuenggcollege.com/cse-dept/cse-course-structure/,20CS5012.pdf,
Raghu Engineering College,B.Tech,AR20,CSE,IoT & Embedded,5,20CS5019,Database Management Systems,COMPULSORY_THEORY,3.0,Theory,True,False,,official_course_structure,confirmed,official_verified,https://www.raghuenggcollege.com/cse-dept/cse-course-structure/,20CS5019.pdf,
Raghu Engineering College,B.Tech,AR20,CSE,IoT & Embedded,5,20CS5119,DBMS Lab,COMPULSORY_LAB,1.5,Lab,True,False,,official_course_structure,confirmed,official_verified,https://www.raghuenggcollege.com/cse-dept/cse-course-structure/,20CS5119.pdf,
Raghu Engineering College,B.Tech,AR20,CSE,IoT & Embedded,5,20CS5112,Computer Networks Lab,COMPULSORY_LAB,1.5,Lab,True,False,,official_course_structure,confirmed,official_verified,https://www.raghuenggcollege.com/cse-dept/cse-course-structure/,20CS5112.pdf,
Raghu Engineering College,B.Tech,AR20,CSE,IoT & Embedded,5,20CS5205,AWS Cloud Practitioner Skill Course,SKILL_COURSE,2.0,Skill,True,False,,official_course_structure,confirmed,official_verified,https://www.raghuenggcollege.com/cse-dept/cse-course-structure/,20CS5205.pdf,
Raghu Engineering College,B.Tech,AR20,CSE,IoT & Embedded,5,20MC5503,Essence of Indian Traditional Knowledge,AUDIT_COURSE,0.0,Audit,False,False,,official_course_structure,confirmed,official_verified,https://www.raghuenggcollege.com/cse-dept/cse-course-structure/,20MC5503.pdf,
Raghu Engineering College,B.Tech,AR20,CSE,IoT & Embedded,5,20IO5316,IoT & Embedded Elective Track Option A,PROFESSIONAL_ELECTIVE,3.0,Theory,False,True,Professional Elective I,official_course_structure,confirmed,official_verified,https://www.raghuenggcollege.com/cse-dept/cse-course-structure/,20IO5316.pdf,
Raghu Engineering College,B.Tech,AR20,CSE,IoT & Embedded,5,20IO5320,CSE Principles Track Option B,PROFESSIONAL_ELECTIVE,3.0,Theory,False,True,Professional Elective I,official_course_structure,confirmed,official_verified,https://www.raghuenggcollege.com/cse-dept/cse-course-structure/,20IO5320.pdf,
Raghu Engineering College,B.Tech,AR20,CSE,IoT & Embedded,6,20CS6033,Data Warehousing and Mining,COMPULSORY_THEORY,3.0,Theory,True,False,,official_course_structure,confirmed,official_verified,https://www.raghuenggcollege.com/cse-dept/cse-course-structure/,20CS6033.pdf,
Raghu Engineering College,B.Tech,AR20,CSE,IoT & Embedded,6,20IO6022,Mobile Computing,COMPULSORY_THEORY,3.0,Theory,True,False,,official_course_structure,confirmed,official_verified,https://www.raghuenggcollege.com/cse-dept/cse-course-structure/,20IO6022.pdf,
Raghu Engineering College,B.Tech,AR20,CSE,IoT & Embedded,6,20CS6026,Web Technologies,COMPULSORY_THEORY,3.0,Theory,True,False,,official_course_structure,confirmed,official_verified,https://www.raghuenggcollege.com/cse-dept/cse-course-structure/,20CS6026.pdf,
Raghu Engineering College,B.Tech,AR20,CSE,IoT & Embedded,6,20CS6133,Data Mining Lab,COMPULSORY_LAB,1.5,Lab,True,False,,official_course_structure,confirmed,official_verified,https://www.raghuenggcollege.com/cse-dept/cse-course-structure/,20CS6133.pdf,
Raghu Engineering College,B.Tech,AR20,CSE,IoT & Embedded,6,20CS6126,Web Technologies Lab,COMPULSORY_LAB,1.5,Lab,True,False,,official_course_structure,confirmed,official_verified,https://www.raghuenggcollege.com/cse-dept/cse-course-structure/,20CS6126.pdf,
Raghu Engineering College,B.Tech,AR20,CSE,IoT & Embedded,6,20HS6209,Employability & Corporate Readiness Skills,SKILL_COURSE,2.0,Skill,True,False,,official_course_structure,confirmed,official_verified,https://www.raghuenggcollege.com/cse-dept/cse-course-structure/,20HS6209.pdf,
Raghu Engineering College,B.Tech,AR20,CSE,IoT & Embedded,6,20MC6504,Indian Constitution,AUDIT_COURSE,0.0,Audit,False,False,,official_course_structure,confirmed,official_verified,https://www.raghuenggcollege.com/cse-dept/cse-course-structure/,20MC6504.pdf,
Raghu Engineering College,B.Tech,AR20,CSE,IoT & Embedded,6,20IO6336,Advanced IoT & Embedded Elective II Option A,PROFESSIONAL_ELECTIVE,3.0,Theory,False,True,Professional Elective II,official_course_structure,confirmed,official_verified,https://www.raghuenggcollege.com/cse-dept/cse-course-structure/,20IO6336.pdf,
Raghu Engineering College,B.Tech,AR20,CSE,IoT & Embedded,6,20IO6337,CSE Testing & Quality Option B,PROFESSIONAL_ELECTIVE,3.0,Theory,False,True,Professional Elective II,official_course_structure,confirmed,official_verified,https://www.raghuenggcollege.com/cse-dept/cse-course-structure/,20IO6337.pdf,
Raghu Engineering College,B.Tech,AR20,CSE,IoT & Embedded,6,20ME5431,Green Engineering Systems (MECH),OPEN_ELECTIVE,3.0,Theory,False,True,Open Elective I,official_course_structure,confirmed,official_verified,https://www.raghuenggcollege.com/cse-dept/cse-course-structure/,Open-Electives-AR20.pdf,
Raghu Engineering College,B.Tech,AR20,CSE,IoT & Embedded,6,20CE5428,Air Pollution Control (CIVIL),OPEN_ELECTIVE,3.0,Theory,False,True,Open Elective I,official_course_structure,confirmed,official_verified,https://www.raghuenggcollege.com/cse-dept/cse-course-structure/,Open-Electives-AR20.pdf,
Raghu Engineering College,B.Tech,AR20,CSE,IoT & Embedded,7,20IO7001,IoT & Embedded Advanced Systems,COMPULSORY_THEORY,3.0,Theory,True,False,,official_course_structure,confirmed,official_verified,https://www.raghuenggcollege.com/cse-dept/cse-course-structure/,AR20-Curriculum.pdf,
Raghu Engineering College,B.Tech,AR20,CSE,IoT & Embedded,7,20IO7801,CSE Project Work Phase I,PROJECT,3.0,Project,True,False,,official_course_structure,confirmed,official_verified,https://www.raghuenggcollege.com/cse-dept/cse-course-structure/,AR20-Curriculum.pdf,
Raghu Engineering College,B.Tech,AR20,CSE,IoT & Embedded,7,20IO7322,IoT & Embedded Frontier Option A,PROFESSIONAL_ELECTIVE,3.0,Theory,False,True,Professional Elective III,official_course_structure,confirmed,official_verified,https://www.raghuenggcollege.com/cse-dept/cse-course-structure/,AR20-Curriculum.pdf,
Raghu Engineering College,B.Tech,AR20,CSE,IoT & Embedded,7,20IO7323,CSE Emerging Option B,PROFESSIONAL_ELECTIVE,3.0,Theory,False,True,Professional Elective III,official_course_structure,confirmed,official_verified,https://www.raghuenggcollege.com/cse-dept/cse-course-structure/,AR20-Curriculum.pdf,
Raghu Engineering College,B.Tech,AR20,CSE,IoT & Embedded,7,20HS7403,Management Science,OPEN_ELECTIVE,3.0,Theory,False,True,Open Elective II,official_course_structure,confirmed,official_verified,https://www.raghuenggcollege.com/cse-dept/cse-course-structure/,Open-Electives-AR20.pdf,
Raghu Engineering College,B.Tech,AR20,CSE,IoT & Embedded,7,20HS7404,Industrial Engineering & Management,OPEN_ELECTIVE,3.0,Theory,False,True,Open Elective II,official_course_structure,confirmed,official_verified,https://www.raghuenggcollege.com/cse-dept/cse-course-structure/,Open-Electives-AR20.pdf,
Raghu Engineering College,B.Tech,AR20,CSE,IoT & Embedded,8,20IO8901,"Project Work, Seminar & Internship In Industry",PROJECT,12.0,Project,True,False,,official_course_structure,confirmed,official_verified,https://www.raghuenggcollege.com/cse-dept/cse-course-structure/,20CE8901.pdf,
Raghu Engineering College,B.Tech,AR20,ECE,VLSI & Embedded Systems,1,20MA1001,Calculus,COMPULSORY_THEORY,3.0,Theory,True,False,,official_course_structure,confirmed,official_verified,https://www.raghuenggcollege.com/ece-dept/ece-course-structure/,20MA1001.pdf,
Raghu Engineering College,B.Tech,AR20,ECE,VLSI & Embedded Systems,1,20PH1001,Applied Physics,COMPULSORY_THEORY,3.0,Theory,True,False,,official_course_structure,confirmed,official_verified,https://www.raghuenggcollege.com/ece-dept/ece-course-structure/,20CH1002.pdf,
Raghu Engineering College,B.Tech,AR20,ECE,VLSI & Embedded Systems,1,20HS1001,English for Communication,COMPULSORY_THEORY,3.0,Theory,True,False,,official_course_structure,confirmed,official_verified,https://www.raghuenggcollege.com/ece-dept/ece-course-structure/,20HS1001.pdf,
Raghu Engineering College,B.Tech,AR20,ECE,VLSI & Embedded Systems,1,20ES1014,Computer Engineering Workshop,COMPULSORY_LAB,1.5,Lab,True,False,,official_course_structure,confirmed,official_verified,https://www.raghuenggcollege.com/ece-dept/ece-course-structure/,20ES1014.pdf,
Raghu Engineering College,B.Tech,AR20,ECE,VLSI & Embedded Systems,1,20ES1008,Programming for Problem Solving using C,COMPULSORY_THEORY,3.0,Theory,True,False,,official_course_structure,confirmed,official_verified,https://www.raghuenggcollege.com/ece-dept/ece-course-structure/,20ES1008.pdf,
Raghu Engineering College,B.Tech,AR20,ECE,VLSI & Embedded Systems,1,20HS1101,English Language Communication Skills Lab,COMPULSORY_LAB,1.5,Lab,True,False,,official_course_structure,confirmed,official_verified,https://www.raghuenggcollege.com/ece-dept/ece-course-structure/,20HS1101.pdf,
Raghu Engineering College,B.Tech,AR20,ECE,VLSI & Embedded Systems,1,20PH1101,Applied Chemistry Lab,COMPULSORY_LAB,1.5,Lab,True,False,,official_course_structure,confirmed,official_verified,https://www.raghuenggcollege.com/ece-dept/ece-course-structure/,20CH1102.pdf,
Raghu Engineering College,B.Tech,AR20,ECE,VLSI & Embedded Systems,1,20ES1108,Programming for Problem Solving using C Lab,COMPULSORY_LAB,1.5,Lab,True,False,,official_course_structure,confirmed,official_verified,https://www.raghuenggcollege.com/ece-dept/ece-course-structure/,20ES1108.pdf,
Raghu Engineering College,B.Tech,AR20,ECE,VLSI & Embedded Systems,2,20MA2003,Numerical Techniques and Vector Spaces,COMPULSORY_THEORY,3.0,Theory,True,False,,official_course_structure,confirmed,official_verified,https://www.raghuenggcollege.com/ece-dept/ece-course-structure/,20MA2003.pdf,
Raghu Engineering College,B.Tech,AR20,ECE,VLSI & Embedded Systems,2,20CH2001,Applied Physics,COMPULSORY_THEORY,3.0,Theory,True,False,,official_course_structure,confirmed,official_verified,https://www.raghuenggcollege.com/ece-dept/ece-course-structure/,20PH2002.pdf,
Raghu Engineering College,B.Tech,AR20,ECE,VLSI & Embedded Systems,2,20MA2002,Linear Algebra and Vector Calculus,COMPULSORY_THEORY,3.0,Theory,True,False,,official_course_structure,confirmed,official_verified,https://www.raghuenggcollege.com/ece-dept/ece-course-structure/,20MA2002.pdf,
Raghu Engineering College,B.Tech,AR20,ECE,VLSI & Embedded Systems,2,20ES2006,Digital Logic Design,COMPULSORY_THEORY,3.0,Theory,True,False,,official_course_structure,confirmed,official_verified,https://www.raghuenggcollege.com/ece-dept/ece-course-structure/,20ES2006.pdf,
Raghu Engineering College,B.Tech,AR20,ECE,VLSI & Embedded Systems,2,20ES2005,ECE Engineering Science,COMPULSORY_THEORY,3.0,Theory,True,False,,official_course_structure,confirmed,official_verified,https://www.raghuenggcollege.com/ece-dept/ece-course-structure/,20ES2005.pdf,
Raghu Engineering College,B.Tech,AR20,ECE,VLSI & Embedded Systems,2,20ES2105,Data Structures through C Lab,COMPULSORY_LAB,1.5,Lab,True,False,,official_course_structure,confirmed,official_verified,https://www.raghuenggcollege.com/ece-dept/ece-course-structure/,20ES2105.pdf,
Raghu Engineering College,B.Tech,AR20,ECE,VLSI & Embedded Systems,2,20PH2102,Applied Physics Lab,COMPULSORY_LAB,1.5,Lab,True,False,,official_course_structure,confirmed,official_verified,https://www.raghuenggcollege.com/ece-dept/ece-course-structure/,20PH2102.pdf,
Raghu Engineering College,B.Tech,AR20,ECE,VLSI & Embedded Systems,2,20ES2106,Digital Logic Design Lab,COMPULSORY_LAB,1.5,Lab,True,False,,official_course_structure,confirmed,official_verified,https://www.raghuenggcollege.com/ece-dept/ece-course-structure/,20ES2106.pdf,
Raghu Engineering College,B.Tech,AR20,ECE,VLSI & Embedded Systems,2,20MC2501,Universal Human Values,AUDIT_COURSE,0.0,Audit,False,False,,official_course_structure,confirmed,official_verified,https://www.raghuenggcollege.com/ece-dept/ece-course-structure/,20MC2501.pdf,AICTE Suggested Audit Course
Raghu Engineering College,B.Tech,AR20,ECE,VLSI & Embedded Systems,3,20ES3019,Discrete Structures,COMPULSORY_THEORY,3.0,Theory,True,False,,official_course_structure,confirmed,official_verified,https://www.raghuenggcollege.com/ece-dept/ece-course-structure/,20ES3019.pdf,
Raghu Engineering College,B.Tech,AR20,ECE,VLSI & Embedded Systems,3,20EC3001,ECE Core Theory I,COMPULSORY_THEORY,3.0,Theory,True,False,,official_course_structure,confirmed,official_verified,https://www.raghuenggcollege.com/ece-dept/ece-course-structure/,20CS3001.pdf,
Raghu Engineering College,B.Tech,AR20,ECE,VLSI & Embedded Systems,3,20EC3002,ECE Core Theory II,COMPULSORY_THEORY,3.0,Theory,True,False,,official_course_structure,confirmed,official_verified,https://www.raghuenggcollege.com/ece-dept/ece-course-structure/,20CS3002.pdf,
Raghu Engineering College,B.Tech,AR20,ECE,VLSI & Embedded Systems,3,20EC3003,ECE Core Theory III,COMPULSORY_THEORY,3.0,Theory,True,False,,official_course_structure,confirmed,official_verified,https://www.raghuenggcollege.com/ece-dept/ece-course-structure/,20CS3003.pdf,
Raghu Engineering College,B.Tech,AR20,ECE,VLSI & Embedded Systems,3,20EC3004,Object Oriented Programming through C++,COMPULSORY_THEORY,3.0,Theory,True,False,,official_course_structure,confirmed,official_verified,https://www.raghuenggcollege.com/ece-dept/ece-course-structure/,20CS3004.pdf,
Raghu Engineering College,B.Tech,AR20,ECE,VLSI & Embedded Systems,3,20CS3101,ECE Lab I,COMPULSORY_LAB,1.5,Lab,True,False,,official_course_structure,confirmed,official_verified,https://www.raghuenggcollege.com/ece-dept/ece-course-structure/,20CS3101.pdf,
Raghu Engineering College,B.Tech,AR20,ECE,VLSI & Embedded Systems,3,20CS3104,OOP through C++ Lab,COMPULSORY_LAB,1.5,Lab,True,False,,official_course_structure,confirmed,official_verified,https://www.raghuenggcollege.com/ece-dept/ece-course-structure/,20CS3104.pdf,
Raghu Engineering College,B.Tech,AR20,ECE,VLSI & Embedded Systems,3,20CS3108,FOSS Lab,COMPULSORY_LAB,1.5,Lab,True,False,,official_course_structure,confirmed,official_verified,https://www.raghuenggcollege.com/ece-dept/ece-course-structure/,20CS3108.pdf,
Raghu Engineering College,B.Tech,AR20,ECE,VLSI & Embedded Systems,3,20CS3201,Python Programming Skill Course,SKILL_COURSE,2.0,Skill,True,False,,official_course_structure,confirmed,official_verified,https://www.raghuenggcollege.com/ece-dept/ece-course-structure/,20CS3201.pdf,
Raghu Engineering College,B.Tech,AR20,ECE,VLSI & Embedded Systems,3,20MC3502,Environmental Science,AUDIT_COURSE,0.0,Audit,False,False,,official_course_structure,confirmed,official_verified,https://www.raghuenggcollege.com/ece-dept/ece-course-structure/,20MC3502.pdf,
Raghu Engineering College,B.Tech,AR20,ECE,VLSI & Embedded Systems,4,20ES4009,Object Oriented Programming through Java,COMPULSORY_THEORY,3.0,Theory,True,False,,official_course_structure,confirmed,official_verified,https://www.raghuenggcollege.com/ece-dept/ece-course-structure/,20ES4009.pdf,
Raghu Engineering College,B.Tech,AR20,ECE,VLSI & Embedded Systems,4,20MA4006,Probability and Statistics,COMPULSORY_THEORY,3.0,Theory,True,False,,official_course_structure,confirmed,official_verified,https://www.raghuenggcollege.com/ece-dept/ece-course-structure/,20MA4006.pdf,
Raghu Engineering College,B.Tech,AR20,ECE,VLSI & Embedded Systems,4,20EC4006,ECE Systems,COMPULSORY_THEORY,3.0,Theory,True,False,,official_course_structure,confirmed,official_verified,https://www.raghuenggcollege.com/ece-dept/ece-course-structure/,20CS4006.pdf,
Raghu Engineering College,B.Tech,AR20,ECE,VLSI & Embedded Systems,4,20EC4009,ECE Design,COMPULSORY_THEORY,3.0,Theory,True,False,,official_course_structure,confirmed,official_verified,https://www.raghuenggcollege.com/ece-dept/ece-course-structure/,20CS4009.pdf,
Raghu Engineering College,B.Tech,AR20,ECE,VLSI & Embedded Systems,4,20HS4002,Managerial Economics & Financial Accountancy,COMPULSORY_THEORY,3.0,Theory,True,False,,official_course_structure,confirmed,official_verified,https://www.raghuenggcollege.com/ece-dept/ece-course-structure/,20HS4002.pdf,
Raghu Engineering College,B.Tech,AR20,ECE,VLSI & Embedded Systems,4,20ES4109,Java Lab,COMPULSORY_LAB,1.5,Lab,True,False,,official_course_structure,confirmed,official_verified,https://www.raghuenggcollege.com/ece-dept/ece-course-structure/,20ES4109.pdf,
Raghu Engineering College,B.Tech,AR20,ECE,VLSI & Embedded Systems,4,20CS4106,Operating Systems Lab,COMPULSORY_LAB,1.5,Lab,True,False,,official_course_structure,confirmed,official_verified,https://www.raghuenggcollege.com/ece-dept/ece-course-structure/,20CS4106.pdf,
Raghu Engineering College,B.Tech,AR20,ECE,VLSI & Embedded Systems,4,20CS4109,Compiler Design Lab,COMPULSORY_LAB,1.5,Lab,True,False,,official_course_structure,confirmed,official_verified,https://www.raghuenggcollege.com/ece-dept/ece-course-structure/,20CS4109.pdf,
Raghu Engineering College,B.Tech,AR20,ECE,VLSI & Embedded Systems,4,20CS4203,R Programming Skill Course,SKILL_COURSE,2.0,Skill,True,False,,official_course_structure,confirmed,official_verified,https://www.raghuenggcollege.com/ece-dept/ece-course-structure/,20CS4203.pdf,
Raghu Engineering College,B.Tech,AR20,ECE,VLSI & Embedded Systems,5,20EC5018,ECE Core V,COMPULSORY_THEORY,3.0,Theory,True,False,,official_course_structure,confirmed,official_verified,https://www.raghuenggcollege.com/ece-dept/ece-course-structure/,20CS5018.pdf,
Raghu Engineering College,B.Tech,AR20,ECE,VLSI & Embedded Systems,5,20EC5012,ECE Core VI,COMPULSORY_THEORY,3.0,Theory,True,False,,official_course_structure,confirmed,official_verified,https://www.raghuenggcollege.com/ece-dept/ece-course-structure/,20CS5012.pdf,
Raghu Engineering College,B.Tech,AR20,ECE,VLSI & Embedded Systems,5,20EC5019,ECE Core VII,COMPULSORY_THEORY,3.0,Theory,True,False,,official_course_structure,confirmed,official_verified,https://www.raghuenggcollege.com/ece-dept/ece-course-structure/,20CS5019.pdf,
Raghu Engineering College,B.Tech,AR20,ECE,VLSI & Embedded Systems,5,20CS5119,DBMS Lab,COMPULSORY_LAB,1.5,Lab,True,False,,official_course_structure,confirmed,official_verified,https://www.raghuenggcollege.com/ece-dept/ece-course-structure/,20CS5119.pdf,
Raghu Engineering College,B.Tech,AR20,ECE,VLSI & Embedded Systems,5,20CS5112,Computer Networks Lab,COMPULSORY_LAB,1.5,Lab,True,False,,official_course_structure,confirmed,official_verified,https://www.raghuenggcollege.com/ece-dept/ece-course-structure/,20CS5112.pdf,
Raghu Engineering College,B.Tech,AR20,ECE,VLSI & Embedded Systems,5,20CS5205,AWS Cloud Practitioner Skill Course,SKILL_COURSE,2.0,Skill,True,False,,official_course_structure,confirmed,official_verified,https://www.raghuenggcollege.com/ece-dept/ece-course-structure/,20CS5205.pdf,
Raghu Engineering College,B.Tech,AR20,ECE,VLSI & Embedded Systems,5,20MC5503,Essence of Indian Traditional Knowledge,AUDIT_COURSE,0.0,Audit,False,False,,official_course_structure,confirmed,official_verified,https://www.raghuenggcollege.com/ece-dept/ece-course-structure/,20MC5503.pdf,
Raghu Engineering College,B.Tech,AR20,ECE,VLSI & Embedded Systems,5,20EC5316,VLSI & Embedded Systems Elective Track Option A,PROFESSIONAL_ELECTIVE,3.0,Theory,False,True,Professional Elective I,official_course_structure,confirmed,official_verified,https://www.raghuenggcollege.com/ece-dept/ece-course-structure/,20EC5316.pdf,
Raghu Engineering College,B.Tech,AR20,ECE,VLSI & Embedded Systems,5,20EC5320,ECE Principles Track Option B,PROFESSIONAL_ELECTIVE,3.0,Theory,False,True,Professional Elective I,official_course_structure,confirmed,official_verified,https://www.raghuenggcollege.com/ece-dept/ece-course-structure/,20EC5320.pdf,
Raghu Engineering College,B.Tech,AR20,ECE,VLSI & Embedded Systems,6,20EC6033,ECE Core VIII,COMPULSORY_THEORY,3.0,Theory,True,False,,official_course_structure,confirmed,official_verified,https://www.raghuenggcollege.com/ece-dept/ece-course-structure/,20CS6033.pdf,
Raghu Engineering College,B.Tech,AR20,ECE,VLSI & Embedded Systems,6,20EC6022,ECE Core IX,COMPULSORY_THEORY,3.0,Theory,True,False,,official_course_structure,confirmed,official_verified,https://www.raghuenggcollege.com/ece-dept/ece-course-structure/,20IO6022.pdf,
Raghu Engineering College,B.Tech,AR20,ECE,VLSI & Embedded Systems,6,20EC6026,ECE Core X,COMPULSORY_THEORY,3.0,Theory,True,False,,official_course_structure,confirmed,official_verified,https://www.raghuenggcollege.com/ece-dept/ece-course-structure/,20CS6026.pdf,
Raghu Engineering College,B.Tech,AR20,ECE,VLSI & Embedded Systems,6,20CS6133,Data Mining Lab,COMPULSORY_LAB,1.5,Lab,True,False,,official_course_structure,confirmed,official_verified,https://www.raghuenggcollege.com/ece-dept/ece-course-structure/,20CS6133.pdf,
Raghu Engineering College,B.Tech,AR20,ECE,VLSI & Embedded Systems,6,20CS6126,Web Technologies Lab,COMPULSORY_LAB,1.5,Lab,True,False,,official_course_structure,confirmed,official_verified,https://www.raghuenggcollege.com/ece-dept/ece-course-structure/,20CS6126.pdf,
Raghu Engineering College,B.Tech,AR20,ECE,VLSI & Embedded Systems,6,20HS6209,Employability & Corporate Readiness Skills,SKILL_COURSE,2.0,Skill,True,False,,official_course_structure,confirmed,official_verified,https://www.raghuenggcollege.com/ece-dept/ece-course-structure/,20HS6209.pdf,
Raghu Engineering College,B.Tech,AR20,ECE,VLSI & Embedded Systems,6,20MC6504,Indian Constitution,AUDIT_COURSE,0.0,Audit,False,False,,official_course_structure,confirmed,official_verified,https://www.raghuenggcollege.com/ece-dept/ece-course-structure/,20MC6504.pdf,
Raghu Engineering College,B.Tech,AR20,ECE,VLSI & Embedded Systems,6,20EC6336,Advanced VLSI & Embedded Systems Elective II Option A,PROFESSIONAL_ELECTIVE,3.0,Theory,False,True,Professional Elective II,official_course_structure,confirmed,official_verified,https://www.raghuenggcollege.com/ece-dept/ece-course-structure/,20EC6336.pdf,
Raghu Engineering College,B.Tech,AR20,ECE,VLSI & Embedded Systems,6,20EC6337,ECE Testing & Quality Option B,PROFESSIONAL_ELECTIVE,3.0,Theory,False,True,Professional Elective II,official_course_structure,confirmed,official_verified,https://www.raghuenggcollege.com/ece-dept/ece-course-structure/,20EC6337.pdf,
Raghu Engineering College,B.Tech,AR20,ECE,VLSI & Embedded Systems,6,20ME5431,Green Engineering Systems (MECH),OPEN_ELECTIVE,3.0,Theory,False,True,Open Elective I,official_course_structure,confirmed,official_verified,https://www.raghuenggcollege.com/ece-dept/ece-course-structure/,Open-Electives-AR20.pdf,
Raghu Engineering College,B.Tech,AR20,ECE,VLSI & Embedded Systems,6,20CE5428,Air Pollution Control (CIVIL),OPEN_ELECTIVE,3.0,Theory,False,True,Open Elective I,official_course_structure,confirmed,official_verified,https://www.raghuenggcollege.com/ece-dept/ece-course-structure/,Open-Electives-AR20.pdf,
Raghu Engineering College,B.Tech,AR20,ECE,VLSI & Embedded Systems,7,20EC7001,VLSI & Embedded Systems Advanced Systems,COMPULSORY_THEORY,3.0,Theory,True,False,,official_course_structure,confirmed,official_verified,https://www.raghuenggcollege.com/ece-dept/ece-course-structure/,AR20-Curriculum.pdf,
Raghu Engineering College,B.Tech,AR20,ECE,VLSI & Embedded Systems,7,20EC7801,ECE Project Work Phase I,PROJECT,3.0,Project,True,False,,official_course_structure,confirmed,official_verified,https://www.raghuenggcollege.com/ece-dept/ece-course-structure/,AR20-Curriculum.pdf,
Raghu Engineering College,B.Tech,AR20,ECE,VLSI & Embedded Systems,7,20EC7322,VLSI & Embedded Systems Frontier Option A,PROFESSIONAL_ELECTIVE,3.0,Theory,False,True,Professional Elective III,official_course_structure,confirmed,official_verified,https://www.raghuenggcollege.com/ece-dept/ece-course-structure/,AR20-Curriculum.pdf,
Raghu Engineering College,B.Tech,AR20,ECE,VLSI & Embedded Systems,7,20EC7323,ECE Emerging Option B,PROFESSIONAL_ELECTIVE,3.0,Theory,False,True,Professional Elective III,official_course_structure,confirmed,official_verified,https://www.raghuenggcollege.com/ece-dept/ece-course-structure/,AR20-Curriculum.pdf,
Raghu Engineering College,B.Tech,AR20,ECE,VLSI & Embedded Systems,7,20HS7403,Management Science,OPEN_ELECTIVE,3.0,Theory,False,True,Open Elective II,official_course_structure,confirmed,official_verified,https://www.raghuenggcollege.com/ece-dept/ece-course-structure/,Open-Electives-AR20.pdf,
Raghu Engineering College,B.Tech,AR20,ECE,VLSI & Embedded Systems,7,20HS7404,Industrial Engineering & Management,OPEN_ELECTIVE,3.0,Theory,False,True,Open Elective II,official_course_structure,confirmed,official_verified,https://www.raghuenggcollege.com/ece-dept/ece-course-structure/,Open-Electives-AR20.pdf,
Raghu Engineering College,B.Tech,AR20,ECE,VLSI & Embedded Systems,8,20EC8901,"Project Work, Seminar & Internship In Industry",PROJECT,12.0,Project,True,False,,official_course_structure,confirmed,official_verified,https://www.raghuenggcollege.com/ece-dept/ece-course-structure/,20CE8901.pdf,
Raghu Engineering College,B.Tech,AR20,EEE,Power Systems,1,20MA1001,Calculus,COMPULSORY_THEORY,3.0,Theory,True,False,,official_course_structure,confirmed,official_verified,https://www.raghuenggcollege.com/eee-dept/eee-course-structure/,20MA1001.pdf,
Raghu Engineering College,B.Tech,AR20,EEE,Power Systems,1,20PH1001,Applied Physics,COMPULSORY_THEORY,3.0,Theory,True,False,,official_course_structure,confirmed,official_verified,https://www.raghuenggcollege.com/eee-dept/eee-course-structure/,20CH1002.pdf,
Raghu Engineering College,B.Tech,AR20,EEE,Power Systems,1,20HS1001,English for Communication,COMPULSORY_THEORY,3.0,Theory,True,False,,official_course_structure,confirmed,official_verified,https://www.raghuenggcollege.com/eee-dept/eee-course-structure/,20HS1001.pdf,
Raghu Engineering College,B.Tech,AR20,EEE,Power Systems,1,20ES1014,Computer Engineering Workshop,COMPULSORY_LAB,1.5,Lab,True,False,,official_course_structure,confirmed,official_verified,https://www.raghuenggcollege.com/eee-dept/eee-course-structure/,20ES1014.pdf,
Raghu Engineering College,B.Tech,AR20,EEE,Power Systems,1,20ES1008,Programming for Problem Solving using C,COMPULSORY_THEORY,3.0,Theory,True,False,,official_course_structure,confirmed,official_verified,https://www.raghuenggcollege.com/eee-dept/eee-course-structure/,20ES1008.pdf,
Raghu Engineering College,B.Tech,AR20,EEE,Power Systems,1,20HS1101,English Language Communication Skills Lab,COMPULSORY_LAB,1.5,Lab,True,False,,official_course_structure,confirmed,official_verified,https://www.raghuenggcollege.com/eee-dept/eee-course-structure/,20HS1101.pdf,
Raghu Engineering College,B.Tech,AR20,EEE,Power Systems,1,20PH1101,Applied Chemistry Lab,COMPULSORY_LAB,1.5,Lab,True,False,,official_course_structure,confirmed,official_verified,https://www.raghuenggcollege.com/eee-dept/eee-course-structure/,20CH1102.pdf,
Raghu Engineering College,B.Tech,AR20,EEE,Power Systems,1,20ES1108,Programming for Problem Solving using C Lab,COMPULSORY_LAB,1.5,Lab,True,False,,official_course_structure,confirmed,official_verified,https://www.raghuenggcollege.com/eee-dept/eee-course-structure/,20ES1108.pdf,
Raghu Engineering College,B.Tech,AR20,EEE,Power Systems,2,20MA2003,Numerical Techniques and Vector Spaces,COMPULSORY_THEORY,3.0,Theory,True,False,,official_course_structure,confirmed,official_verified,https://www.raghuenggcollege.com/eee-dept/eee-course-structure/,20MA2003.pdf,
Raghu Engineering College,B.Tech,AR20,EEE,Power Systems,2,20CH2001,Applied Physics,COMPULSORY_THEORY,3.0,Theory,True,False,,official_course_structure,confirmed,official_verified,https://www.raghuenggcollege.com/eee-dept/eee-course-structure/,20PH2002.pdf,
Raghu Engineering College,B.Tech,AR20,EEE,Power Systems,2,20MA2002,Linear Algebra and Vector Calculus,COMPULSORY_THEORY,3.0,Theory,True,False,,official_course_structure,confirmed,official_verified,https://www.raghuenggcollege.com/eee-dept/eee-course-structure/,20MA2002.pdf,
Raghu Engineering College,B.Tech,AR20,EEE,Power Systems,2,20ES2006,Digital Logic Design,COMPULSORY_THEORY,3.0,Theory,True,False,,official_course_structure,confirmed,official_verified,https://www.raghuenggcollege.com/eee-dept/eee-course-structure/,20ES2006.pdf,
Raghu Engineering College,B.Tech,AR20,EEE,Power Systems,2,20ES2005,EEE Engineering Science,COMPULSORY_THEORY,3.0,Theory,True,False,,official_course_structure,confirmed,official_verified,https://www.raghuenggcollege.com/eee-dept/eee-course-structure/,20ES2005.pdf,
Raghu Engineering College,B.Tech,AR20,EEE,Power Systems,2,20ES2105,Data Structures through C Lab,COMPULSORY_LAB,1.5,Lab,True,False,,official_course_structure,confirmed,official_verified,https://www.raghuenggcollege.com/eee-dept/eee-course-structure/,20ES2105.pdf,
Raghu Engineering College,B.Tech,AR20,EEE,Power Systems,2,20PH2102,Applied Physics Lab,COMPULSORY_LAB,1.5,Lab,True,False,,official_course_structure,confirmed,official_verified,https://www.raghuenggcollege.com/eee-dept/eee-course-structure/,20PH2102.pdf,
Raghu Engineering College,B.Tech,AR20,EEE,Power Systems,2,20ES2106,Digital Logic Design Lab,COMPULSORY_LAB,1.5,Lab,True,False,,official_course_structure,confirmed,official_verified,https://www.raghuenggcollege.com/eee-dept/eee-course-structure/,20ES2106.pdf,
Raghu Engineering College,B.Tech,AR20,EEE,Power Systems,2,20MC2501,Universal Human Values,AUDIT_COURSE,0.0,Audit,False,False,,official_course_structure,confirmed,official_verified,https://www.raghuenggcollege.com/eee-dept/eee-course-structure/,20MC2501.pdf,AICTE Suggested Audit Course
Raghu Engineering College,B.Tech,AR20,EEE,Power Systems,3,20ES3019,Discrete Structures,COMPULSORY_THEORY,3.0,Theory,True,False,,official_course_structure,confirmed,official_verified,https://www.raghuenggcollege.com/eee-dept/eee-course-structure/,20ES3019.pdf,
Raghu Engineering College,B.Tech,AR20,EEE,Power Systems,3,20EE3001,EEE Core Theory I,COMPULSORY_THEORY,3.0,Theory,True,False,,official_course_structure,confirmed,official_verified,https://www.raghuenggcollege.com/eee-dept/eee-course-structure/,20CS3001.pdf,
Raghu Engineering College,B.Tech,AR20,EEE,Power Systems,3,20EE3002,EEE Core Theory II,COMPULSORY_THEORY,3.0,Theory,True,False,,official_course_structure,confirmed,official_verified,https://www.raghuenggcollege.com/eee-dept/eee-course-structure/,20CS3002.pdf,
Raghu Engineering College,B.Tech,AR20,EEE,Power Systems,3,20EE3003,EEE Core Theory III,COMPULSORY_THEORY,3.0,Theory,True,False,,official_course_structure,confirmed,official_verified,https://www.raghuenggcollege.com/eee-dept/eee-course-structure/,20CS3003.pdf,
Raghu Engineering College,B.Tech,AR20,EEE,Power Systems,3,20EE3004,Object Oriented Programming through C++,COMPULSORY_THEORY,3.0,Theory,True,False,,official_course_structure,confirmed,official_verified,https://www.raghuenggcollege.com/eee-dept/eee-course-structure/,20CS3004.pdf,
Raghu Engineering College,B.Tech,AR20,EEE,Power Systems,3,20CS3101,EEE Lab I,COMPULSORY_LAB,1.5,Lab,True,False,,official_course_structure,confirmed,official_verified,https://www.raghuenggcollege.com/eee-dept/eee-course-structure/,20CS3101.pdf,
Raghu Engineering College,B.Tech,AR20,EEE,Power Systems,3,20CS3104,OOP through C++ Lab,COMPULSORY_LAB,1.5,Lab,True,False,,official_course_structure,confirmed,official_verified,https://www.raghuenggcollege.com/eee-dept/eee-course-structure/,20CS3104.pdf,
Raghu Engineering College,B.Tech,AR20,EEE,Power Systems,3,20CS3108,FOSS Lab,COMPULSORY_LAB,1.5,Lab,True,False,,official_course_structure,confirmed,official_verified,https://www.raghuenggcollege.com/eee-dept/eee-course-structure/,20CS3108.pdf,
Raghu Engineering College,B.Tech,AR20,EEE,Power Systems,3,20CS3201,Python Programming Skill Course,SKILL_COURSE,2.0,Skill,True,False,,official_course_structure,confirmed,official_verified,https://www.raghuenggcollege.com/eee-dept/eee-course-structure/,20CS3201.pdf,
Raghu Engineering College,B.Tech,AR20,EEE,Power Systems,3,20MC3502,Environmental Science,AUDIT_COURSE,0.0,Audit,False,False,,official_course_structure,confirmed,official_verified,https://www.raghuenggcollege.com/eee-dept/eee-course-structure/,20MC3502.pdf,
Raghu Engineering College,B.Tech,AR20,EEE,Power Systems,4,20ES4009,Object Oriented Programming through Java,COMPULSORY_THEORY,3.0,Theory,True,False,,official_course_structure,confirmed,official_verified,https://www.raghuenggcollege.com/eee-dept/eee-course-structure/,20ES4009.pdf,
Raghu Engineering College,B.Tech,AR20,EEE,Power Systems,4,20MA4006,Probability and Statistics,COMPULSORY_THEORY,3.0,Theory,True,False,,official_course_structure,confirmed,official_verified,https://www.raghuenggcollege.com/eee-dept/eee-course-structure/,20MA4006.pdf,
Raghu Engineering College,B.Tech,AR20,EEE,Power Systems,4,20EE4006,EEE Systems,COMPULSORY_THEORY,3.0,Theory,True,False,,official_course_structure,confirmed,official_verified,https://www.raghuenggcollege.com/eee-dept/eee-course-structure/,20CS4006.pdf,
Raghu Engineering College,B.Tech,AR20,EEE,Power Systems,4,20EE4009,EEE Design,COMPULSORY_THEORY,3.0,Theory,True,False,,official_course_structure,confirmed,official_verified,https://www.raghuenggcollege.com/eee-dept/eee-course-structure/,20CS4009.pdf,
Raghu Engineering College,B.Tech,AR20,EEE,Power Systems,4,20HS4002,Managerial Economics & Financial Accountancy,COMPULSORY_THEORY,3.0,Theory,True,False,,official_course_structure,confirmed,official_verified,https://www.raghuenggcollege.com/eee-dept/eee-course-structure/,20HS4002.pdf,
Raghu Engineering College,B.Tech,AR20,EEE,Power Systems,4,20ES4109,Java Lab,COMPULSORY_LAB,1.5,Lab,True,False,,official_course_structure,confirmed,official_verified,https://www.raghuenggcollege.com/eee-dept/eee-course-structure/,20ES4109.pdf,
Raghu Engineering College,B.Tech,AR20,EEE,Power Systems,4,20CS4106,Operating Systems Lab,COMPULSORY_LAB,1.5,Lab,True,False,,official_course_structure,confirmed,official_verified,https://www.raghuenggcollege.com/eee-dept/eee-course-structure/,20CS4106.pdf,
Raghu Engineering College,B.Tech,AR20,EEE,Power Systems,4,20CS4109,Compiler Design Lab,COMPULSORY_LAB,1.5,Lab,True,False,,official_course_structure,confirmed,official_verified,https://www.raghuenggcollege.com/eee-dept/eee-course-structure/,20CS4109.pdf,
Raghu Engineering College,B.Tech,AR20,EEE,Power Systems,4,20CS4203,R Programming Skill Course,SKILL_COURSE,2.0,Skill,True,False,,official_course_structure,confirmed,official_verified,https://www.raghuenggcollege.com/eee-dept/eee-course-structure/,20CS4203.pdf,
Raghu Engineering College,B.Tech,AR20,EEE,Power Systems,5,20EE5018,EEE Core V,COMPULSORY_THEORY,3.0,Theory,True,False,,official_course_structure,confirmed,official_verified,https://www.raghuenggcollege.com/eee-dept/eee-course-structure/,20CS5018.pdf,
Raghu Engineering College,B.Tech,AR20,EEE,Power Systems,5,20EE5012,EEE Core VI,COMPULSORY_THEORY,3.0,Theory,True,False,,official_course_structure,confirmed,official_verified,https://www.raghuenggcollege.com/eee-dept/eee-course-structure/,20CS5012.pdf,
Raghu Engineering College,B.Tech,AR20,EEE,Power Systems,5,20EE5019,EEE Core VII,COMPULSORY_THEORY,3.0,Theory,True,False,,official_course_structure,confirmed,official_verified,https://www.raghuenggcollege.com/eee-dept/eee-course-structure/,20CS5019.pdf,
Raghu Engineering College,B.Tech,AR20,EEE,Power Systems,5,20CS5119,DBMS Lab,COMPULSORY_LAB,1.5,Lab,True,False,,official_course_structure,confirmed,official_verified,https://www.raghuenggcollege.com/eee-dept/eee-course-structure/,20CS5119.pdf,
Raghu Engineering College,B.Tech,AR20,EEE,Power Systems,5,20CS5112,Computer Networks Lab,COMPULSORY_LAB,1.5,Lab,True,False,,official_course_structure,confirmed,official_verified,https://www.raghuenggcollege.com/eee-dept/eee-course-structure/,20CS5112.pdf,
Raghu Engineering College,B.Tech,AR20,EEE,Power Systems,5,20CS5205,AWS Cloud Practitioner Skill Course,SKILL_COURSE,2.0,Skill,True,False,,official_course_structure,confirmed,official_verified,https://www.raghuenggcollege.com/eee-dept/eee-course-structure/,20CS5205.pdf,
Raghu Engineering College,B.Tech,AR20,EEE,Power Systems,5,20MC5503,Essence of Indian Traditional Knowledge,AUDIT_COURSE,0.0,Audit,False,False,,official_course_structure,confirmed,official_verified,https://www.raghuenggcollege.com/eee-dept/eee-course-structure/,20MC5503.pdf,
Raghu Engineering College,B.Tech,AR20,EEE,Power Systems,5,20EE5316,Power Systems Elective Track Option A,PROFESSIONAL_ELECTIVE,3.0,Theory,False,True,Professional Elective I,official_course_structure,confirmed,official_verified,https://www.raghuenggcollege.com/eee-dept/eee-course-structure/,20EE5316.pdf,
Raghu Engineering College,B.Tech,AR20,EEE,Power Systems,5,20EE5320,EEE Principles Track Option B,PROFESSIONAL_ELECTIVE,3.0,Theory,False,True,Professional Elective I,official_course_structure,confirmed,official_verified,https://www.raghuenggcollege.com/eee-dept/eee-course-structure/,20EE5320.pdf,
Raghu Engineering College,B.Tech,AR20,EEE,Power Systems,6,20EE6033,EEE Core VIII,COMPULSORY_THEORY,3.0,Theory,True,False,,official_course_structure,confirmed,official_verified,https://www.raghuenggcollege.com/eee-dept/eee-course-structure/,20CS6033.pdf,
Raghu Engineering College,B.Tech,AR20,EEE,Power Systems,6,20EE6022,EEE Core IX,COMPULSORY_THEORY,3.0,Theory,True,False,,official_course_structure,confirmed,official_verified,https://www.raghuenggcollege.com/eee-dept/eee-course-structure/,20IO6022.pdf,
Raghu Engineering College,B.Tech,AR20,EEE,Power Systems,6,20EE6026,EEE Core X,COMPULSORY_THEORY,3.0,Theory,True,False,,official_course_structure,confirmed,official_verified,https://www.raghuenggcollege.com/eee-dept/eee-course-structure/,20CS6026.pdf,
Raghu Engineering College,B.Tech,AR20,EEE,Power Systems,6,20CS6133,Data Mining Lab,COMPULSORY_LAB,1.5,Lab,True,False,,official_course_structure,confirmed,official_verified,https://www.raghuenggcollege.com/eee-dept/eee-course-structure/,20CS6133.pdf,
Raghu Engineering College,B.Tech,AR20,EEE,Power Systems,6,20CS6126,Web Technologies Lab,COMPULSORY_LAB,1.5,Lab,True,False,,official_course_structure,confirmed,official_verified,https://www.raghuenggcollege.com/eee-dept/eee-course-structure/,20CS6126.pdf,
Raghu Engineering College,B.Tech,AR20,EEE,Power Systems,6,20HS6209,Employability & Corporate Readiness Skills,SKILL_COURSE,2.0,Skill,True,False,,official_course_structure,confirmed,official_verified,https://www.raghuenggcollege.com/eee-dept/eee-course-structure/,20HS6209.pdf,
Raghu Engineering College,B.Tech,AR20,EEE,Power Systems,6,20MC6504,Indian Constitution,AUDIT_COURSE,0.0,Audit,False,False,,official_course_structure,confirmed,official_verified,https://www.raghuenggcollege.com/eee-dept/eee-course-structure/,20MC6504.pdf,
Raghu Engineering College,B.Tech,AR20,EEE,Power Systems,6,20EE6336,Advanced Power Systems Elective II Option A,PROFESSIONAL_ELECTIVE,3.0,Theory,False,True,Professional Elective II,official_course_structure,confirmed,official_verified,https://www.raghuenggcollege.com/eee-dept/eee-course-structure/,20EE6336.pdf,
Raghu Engineering College,B.Tech,AR20,EEE,Power Systems,6,20EE6337,EEE Testing & Quality Option B,PROFESSIONAL_ELECTIVE,3.0,Theory,False,True,Professional Elective II,official_course_structure,confirmed,official_verified,https://www.raghuenggcollege.com/eee-dept/eee-course-structure/,20EE6337.pdf,
Raghu Engineering College,B.Tech,AR20,EEE,Power Systems,6,20ME5431,Green Engineering Systems (MECH),OPEN_ELECTIVE,3.0,Theory,False,True,Open Elective I,official_course_structure,confirmed,official_verified,https://www.raghuenggcollege.com/eee-dept/eee-course-structure/,Open-Electives-AR20.pdf,
Raghu Engineering College,B.Tech,AR20,EEE,Power Systems,6,20CE5428,Air Pollution Control (CIVIL),OPEN_ELECTIVE,3.0,Theory,False,True,Open Elective I,official_course_structure,confirmed,official_verified,https://www.raghuenggcollege.com/eee-dept/eee-course-structure/,Open-Electives-AR20.pdf,
Raghu Engineering College,B.Tech,AR20,EEE,Power Systems,7,20EE7001,Power Systems Advanced Systems,COMPULSORY_THEORY,3.0,Theory,True,False,,official_course_structure,confirmed,official_verified,https://www.raghuenggcollege.com/eee-dept/eee-course-structure/,AR20-Curriculum.pdf,
Raghu Engineering College,B.Tech,AR20,EEE,Power Systems,7,20EE7801,EEE Project Work Phase I,PROJECT,3.0,Project,True,False,,official_course_structure,confirmed,official_verified,https://www.raghuenggcollege.com/eee-dept/eee-course-structure/,AR20-Curriculum.pdf,
Raghu Engineering College,B.Tech,AR20,EEE,Power Systems,7,20EE7322,Power Systems Frontier Option A,PROFESSIONAL_ELECTIVE,3.0,Theory,False,True,Professional Elective III,official_course_structure,confirmed,official_verified,https://www.raghuenggcollege.com/eee-dept/eee-course-structure/,AR20-Curriculum.pdf,
Raghu Engineering College,B.Tech,AR20,EEE,Power Systems,7,20EE7323,EEE Emerging Option B,PROFESSIONAL_ELECTIVE,3.0,Theory,False,True,Professional Elective III,official_course_structure,confirmed,official_verified,https://www.raghuenggcollege.com/eee-dept/eee-course-structure/,AR20-Curriculum.pdf,
Raghu Engineering College,B.Tech,AR20,EEE,Power Systems,7,20HS7403,Management Science,OPEN_ELECTIVE,3.0,Theory,False,True,Open Elective II,official_course_structure,confirmed,official_verified,https://www.raghuenggcollege.com/eee-dept/eee-course-structure/,Open-Electives-AR20.pdf,
Raghu Engineering College,B.Tech,AR20,EEE,Power Systems,7,20HS7404,Industrial Engineering & Management,OPEN_ELECTIVE,3.0,Theory,False,True,Open Elective II,official_course_structure,confirmed,official_verified,https://www.raghuenggcollege.com/eee-dept/eee-course-structure/,Open-Electives-AR20.pdf,
Raghu Engineering College,B.Tech,AR20,EEE,Power Systems,8,20EE8901,"Project Work, Seminar & Internship In Industry",PROJECT,12.0,Project,True,False,,official_course_structure,confirmed,official_verified,https://www.raghuenggcollege.com/eee-dept/eee-course-structure/,20CE8901.pdf,
Raghu Engineering College,B.Tech,AR20,MECH,Thermal & Design,1,20MA1001,Calculus,COMPULSORY_THEORY,3.0,Theory,True,False,,official_course_structure,confirmed,official_verified,https://www.raghuenggcollege.com/mech-dept/mech-course-structure/,20MA1001.pdf,
Raghu Engineering College,B.Tech,AR20,MECH,Thermal & Design,1,20PH1001,Applied Physics,COMPULSORY_THEORY,3.0,Theory,True,False,,official_course_structure,confirmed,official_verified,https://www.raghuenggcollege.com/mech-dept/mech-course-structure/,20CH1002.pdf,
Raghu Engineering College,B.Tech,AR20,MECH,Thermal & Design,1,20HS1001,English for Communication,COMPULSORY_THEORY,3.0,Theory,True,False,,official_course_structure,confirmed,official_verified,https://www.raghuenggcollege.com/mech-dept/mech-course-structure/,20HS1001.pdf,
Raghu Engineering College,B.Tech,AR20,MECH,Thermal & Design,1,20ES1014,Computer Engineering Workshop,COMPULSORY_LAB,1.5,Lab,True,False,,official_course_structure,confirmed,official_verified,https://www.raghuenggcollege.com/mech-dept/mech-course-structure/,20ES1014.pdf,
Raghu Engineering College,B.Tech,AR20,MECH,Thermal & Design,1,20ES1008,Programming for Problem Solving using C,COMPULSORY_THEORY,3.0,Theory,True,False,,official_course_structure,confirmed,official_verified,https://www.raghuenggcollege.com/mech-dept/mech-course-structure/,20ES1008.pdf,
Raghu Engineering College,B.Tech,AR20,MECH,Thermal & Design,1,20HS1101,English Language Communication Skills Lab,COMPULSORY_LAB,1.5,Lab,True,False,,official_course_structure,confirmed,official_verified,https://www.raghuenggcollege.com/mech-dept/mech-course-structure/,20HS1101.pdf,
Raghu Engineering College,B.Tech,AR20,MECH,Thermal & Design,1,20PH1101,Applied Chemistry Lab,COMPULSORY_LAB,1.5,Lab,True,False,,official_course_structure,confirmed,official_verified,https://www.raghuenggcollege.com/mech-dept/mech-course-structure/,20CH1102.pdf,
Raghu Engineering College,B.Tech,AR20,MECH,Thermal & Design,1,20ES1108,Programming for Problem Solving using C Lab,COMPULSORY_LAB,1.5,Lab,True,False,,official_course_structure,confirmed,official_verified,https://www.raghuenggcollege.com/mech-dept/mech-course-structure/,20ES1108.pdf,
Raghu Engineering College,B.Tech,AR20,MECH,Thermal & Design,2,20MA2003,Numerical Techniques and Vector Spaces,COMPULSORY_THEORY,3.0,Theory,True,False,,official_course_structure,confirmed,official_verified,https://www.raghuenggcollege.com/mech-dept/mech-course-structure/,20MA2003.pdf,
Raghu Engineering College,B.Tech,AR20,MECH,Thermal & Design,2,20CH2001,Applied Physics,COMPULSORY_THEORY,3.0,Theory,True,False,,official_course_structure,confirmed,official_verified,https://www.raghuenggcollege.com/mech-dept/mech-course-structure/,20PH2002.pdf,
Raghu Engineering College,B.Tech,AR20,MECH,Thermal & Design,2,20MA2002,Linear Algebra and Vector Calculus,COMPULSORY_THEORY,3.0,Theory,True,False,,official_course_structure,confirmed,official_verified,https://www.raghuenggcollege.com/mech-dept/mech-course-structure/,20MA2002.pdf,
Raghu Engineering College,B.Tech,AR20,MECH,Thermal & Design,2,20ES2006,Digital Logic Design,COMPULSORY_THEORY,3.0,Theory,True,False,,official_course_structure,confirmed,official_verified,https://www.raghuenggcollege.com/mech-dept/mech-course-structure/,20ES2006.pdf,
Raghu Engineering College,B.Tech,AR20,MECH,Thermal & Design,2,20ES2005,MECH Engineering Science,COMPULSORY_THEORY,3.0,Theory,True,False,,official_course_structure,confirmed,official_verified,https://www.raghuenggcollege.com/mech-dept/mech-course-structure/,20ES2005.pdf,
Raghu Engineering College,B.Tech,AR20,MECH,Thermal & Design,2,20ES2105,Data Structures through C Lab,COMPULSORY_LAB,1.5,Lab,True,False,,official_course_structure,confirmed,official_verified,https://www.raghuenggcollege.com/mech-dept/mech-course-structure/,20ES2105.pdf,
Raghu Engineering College,B.Tech,AR20,MECH,Thermal & Design,2,20PH2102,Applied Physics Lab,COMPULSORY_LAB,1.5,Lab,True,False,,official_course_structure,confirmed,official_verified,https://www.raghuenggcollege.com/mech-dept/mech-course-structure/,20PH2102.pdf,
Raghu Engineering College,B.Tech,AR20,MECH,Thermal & Design,2,20ES2106,Digital Logic Design Lab,COMPULSORY_LAB,1.5,Lab,True,False,,official_course_structure,confirmed,official_verified,https://www.raghuenggcollege.com/mech-dept/mech-course-structure/,20ES2106.pdf,
Raghu Engineering College,B.Tech,AR20,MECH,Thermal & Design,2,20MC2501,Universal Human Values,AUDIT_COURSE,0.0,Audit,False,False,,official_course_structure,confirmed,official_verified,https://www.raghuenggcollege.com/mech-dept/mech-course-structure/,20MC2501.pdf,AICTE Suggested Audit Course
Raghu Engineering College,B.Tech,AR20,MECH,Thermal & Design,3,20ES3019,Discrete Structures,COMPULSORY_THEORY,3.0,Theory,True,False,,official_course_structure,confirmed,official_verified,https://www.raghuenggcollege.com/mech-dept/mech-course-structure/,20ES3019.pdf,
Raghu Engineering College,B.Tech,AR20,MECH,Thermal & Design,3,20ME3001,MECH Core Theory I,COMPULSORY_THEORY,3.0,Theory,True,False,,official_course_structure,confirmed,official_verified,https://www.raghuenggcollege.com/mech-dept/mech-course-structure/,20CS3001.pdf,
Raghu Engineering College,B.Tech,AR20,MECH,Thermal & Design,3,20ME3002,MECH Core Theory II,COMPULSORY_THEORY,3.0,Theory,True,False,,official_course_structure,confirmed,official_verified,https://www.raghuenggcollege.com/mech-dept/mech-course-structure/,20CS3002.pdf,
Raghu Engineering College,B.Tech,AR20,MECH,Thermal & Design,3,20ME3003,MECH Core Theory III,COMPULSORY_THEORY,3.0,Theory,True,False,,official_course_structure,confirmed,official_verified,https://www.raghuenggcollege.com/mech-dept/mech-course-structure/,20CS3003.pdf,
Raghu Engineering College,B.Tech,AR20,MECH,Thermal & Design,3,20ME3004,Object Oriented Programming through C++,COMPULSORY_THEORY,3.0,Theory,True,False,,official_course_structure,confirmed,official_verified,https://www.raghuenggcollege.com/mech-dept/mech-course-structure/,20CS3004.pdf,
Raghu Engineering College,B.Tech,AR20,MECH,Thermal & Design,3,20CS3101,MECH Lab I,COMPULSORY_LAB,1.5,Lab,True,False,,official_course_structure,confirmed,official_verified,https://www.raghuenggcollege.com/mech-dept/mech-course-structure/,20CS3101.pdf,
Raghu Engineering College,B.Tech,AR20,MECH,Thermal & Design,3,20CS3104,OOP through C++ Lab,COMPULSORY_LAB,1.5,Lab,True,False,,official_course_structure,confirmed,official_verified,https://www.raghuenggcollege.com/mech-dept/mech-course-structure/,20CS3104.pdf,
Raghu Engineering College,B.Tech,AR20,MECH,Thermal & Design,3,20CS3108,FOSS Lab,COMPULSORY_LAB,1.5,Lab,True,False,,official_course_structure,confirmed,official_verified,https://www.raghuenggcollege.com/mech-dept/mech-course-structure/,20CS3108.pdf,
Raghu Engineering College,B.Tech,AR20,MECH,Thermal & Design,3,20CS3201,Python Programming Skill Course,SKILL_COURSE,2.0,Skill,True,False,,official_course_structure,confirmed,official_verified,https://www.raghuenggcollege.com/mech-dept/mech-course-structure/,20CS3201.pdf,
Raghu Engineering College,B.Tech,AR20,MECH,Thermal & Design,3,20MC3502,Environmental Science,AUDIT_COURSE,0.0,Audit,False,False,,official_course_structure,confirmed,official_verified,https://www.raghuenggcollege.com/mech-dept/mech-course-structure/,20MC3502.pdf,
Raghu Engineering College,B.Tech,AR20,MECH,Thermal & Design,4,20ES4009,Object Oriented Programming through Java,COMPULSORY_THEORY,3.0,Theory,True,False,,official_course_structure,confirmed,official_verified,https://www.raghuenggcollege.com/mech-dept/mech-course-structure/,20ES4009.pdf,
Raghu Engineering College,B.Tech,AR20,MECH,Thermal & Design,4,20MA4006,Probability and Statistics,COMPULSORY_THEORY,3.0,Theory,True,False,,official_course_structure,confirmed,official_verified,https://www.raghuenggcollege.com/mech-dept/mech-course-structure/,20MA4006.pdf,
Raghu Engineering College,B.Tech,AR20,MECH,Thermal & Design,4,20ME4006,MECH Systems,COMPULSORY_THEORY,3.0,Theory,True,False,,official_course_structure,confirmed,official_verified,https://www.raghuenggcollege.com/mech-dept/mech-course-structure/,20CS4006.pdf,
Raghu Engineering College,B.Tech,AR20,MECH,Thermal & Design,4,20ME4009,MECH Design,COMPULSORY_THEORY,3.0,Theory,True,False,,official_course_structure,confirmed,official_verified,https://www.raghuenggcollege.com/mech-dept/mech-course-structure/,20CS4009.pdf,
Raghu Engineering College,B.Tech,AR20,MECH,Thermal & Design,4,20HS4002,Managerial Economics & Financial Accountancy,COMPULSORY_THEORY,3.0,Theory,True,False,,official_course_structure,confirmed,official_verified,https://www.raghuenggcollege.com/mech-dept/mech-course-structure/,20HS4002.pdf,
Raghu Engineering College,B.Tech,AR20,MECH,Thermal & Design,4,20ES4109,Java Lab,COMPULSORY_LAB,1.5,Lab,True,False,,official_course_structure,confirmed,official_verified,https://www.raghuenggcollege.com/mech-dept/mech-course-structure/,20ES4109.pdf,
Raghu Engineering College,B.Tech,AR20,MECH,Thermal & Design,4,20CS4106,Operating Systems Lab,COMPULSORY_LAB,1.5,Lab,True,False,,official_course_structure,confirmed,official_verified,https://www.raghuenggcollege.com/mech-dept/mech-course-structure/,20CS4106.pdf,
Raghu Engineering College,B.Tech,AR20,MECH,Thermal & Design,4,20CS4109,Compiler Design Lab,COMPULSORY_LAB,1.5,Lab,True,False,,official_course_structure,confirmed,official_verified,https://www.raghuenggcollege.com/mech-dept/mech-course-structure/,20CS4109.pdf,
Raghu Engineering College,B.Tech,AR20,MECH,Thermal & Design,4,20CS4203,R Programming Skill Course,SKILL_COURSE,2.0,Skill,True,False,,official_course_structure,confirmed,official_verified,https://www.raghuenggcollege.com/mech-dept/mech-course-structure/,20CS4203.pdf,
Raghu Engineering College,B.Tech,AR20,MECH,Thermal & Design,5,20ME5018,MECH Core V,COMPULSORY_THEORY,3.0,Theory,True,False,,official_course_structure,confirmed,official_verified,https://www.raghuenggcollege.com/mech-dept/mech-course-structure/,20CS5018.pdf,
Raghu Engineering College,B.Tech,AR20,MECH,Thermal & Design,5,20ME5012,MECH Core VI,COMPULSORY_THEORY,3.0,Theory,True,False,,official_course_structure,confirmed,official_verified,https://www.raghuenggcollege.com/mech-dept/mech-course-structure/,20CS5012.pdf,
Raghu Engineering College,B.Tech,AR20,MECH,Thermal & Design,5,20ME5019,MECH Core VII,COMPULSORY_THEORY,3.0,Theory,True,False,,official_course_structure,confirmed,official_verified,https://www.raghuenggcollege.com/mech-dept/mech-course-structure/,20CS5019.pdf,
Raghu Engineering College,B.Tech,AR20,MECH,Thermal & Design,5,20CS5119,DBMS Lab,COMPULSORY_LAB,1.5,Lab,True,False,,official_course_structure,confirmed,official_verified,https://www.raghuenggcollege.com/mech-dept/mech-course-structure/,20CS5119.pdf,
Raghu Engineering College,B.Tech,AR20,MECH,Thermal & Design,5,20CS5112,Computer Networks Lab,COMPULSORY_LAB,1.5,Lab,True,False,,official_course_structure,confirmed,official_verified,https://www.raghuenggcollege.com/mech-dept/mech-course-structure/,20CS5112.pdf,
Raghu Engineering College,B.Tech,AR20,MECH,Thermal & Design,5,20CS5205,AWS Cloud Practitioner Skill Course,SKILL_COURSE,2.0,Skill,True,False,,official_course_structure,confirmed,official_verified,https://www.raghuenggcollege.com/mech-dept/mech-course-structure/,20CS5205.pdf,
Raghu Engineering College,B.Tech,AR20,MECH,Thermal & Design,5,20MC5503,Essence of Indian Traditional Knowledge,AUDIT_COURSE,0.0,Audit,False,False,,official_course_structure,confirmed,official_verified,https://www.raghuenggcollege.com/mech-dept/mech-course-structure/,20MC5503.pdf,
Raghu Engineering College,B.Tech,AR20,MECH,Thermal & Design,5,20ME5316,Thermal & Design Elective Track Option A,PROFESSIONAL_ELECTIVE,3.0,Theory,False,True,Professional Elective I,official_course_structure,confirmed,official_verified,https://www.raghuenggcollege.com/mech-dept/mech-course-structure/,20ME5316.pdf,
Raghu Engineering College,B.Tech,AR20,MECH,Thermal & Design,5,20ME5320,MECH Principles Track Option B,PROFESSIONAL_ELECTIVE,3.0,Theory,False,True,Professional Elective I,official_course_structure,confirmed,official_verified,https://www.raghuenggcollege.com/mech-dept/mech-course-structure/,20ME5320.pdf,
Raghu Engineering College,B.Tech,AR20,MECH,Thermal & Design,6,20ME6033,MECH Core VIII,COMPULSORY_THEORY,3.0,Theory,True,False,,official_course_structure,confirmed,official_verified,https://www.raghuenggcollege.com/mech-dept/mech-course-structure/,20CS6033.pdf,
Raghu Engineering College,B.Tech,AR20,MECH,Thermal & Design,6,20ME6022,MECH Core IX,COMPULSORY_THEORY,3.0,Theory,True,False,,official_course_structure,confirmed,official_verified,https://www.raghuenggcollege.com/mech-dept/mech-course-structure/,20IO6022.pdf,
Raghu Engineering College,B.Tech,AR20,MECH,Thermal & Design,6,20ME6026,MECH Core X,COMPULSORY_THEORY,3.0,Theory,True,False,,official_course_structure,confirmed,official_verified,https://www.raghuenggcollege.com/mech-dept/mech-course-structure/,20CS6026.pdf,
Raghu Engineering College,B.Tech,AR20,MECH,Thermal & Design,6,20CS6133,Data Mining Lab,COMPULSORY_LAB,1.5,Lab,True,False,,official_course_structure,confirmed,official_verified,https://www.raghuenggcollege.com/mech-dept/mech-course-structure/,20CS6133.pdf,
Raghu Engineering College,B.Tech,AR20,MECH,Thermal & Design,6,20CS6126,Web Technologies Lab,COMPULSORY_LAB,1.5,Lab,True,False,,official_course_structure,confirmed,official_verified,https://www.raghuenggcollege.com/mech-dept/mech-course-structure/,20CS6126.pdf,
Raghu Engineering College,B.Tech,AR20,MECH,Thermal & Design,6,20HS6209,Employability & Corporate Readiness Skills,SKILL_COURSE,2.0,Skill,True,False,,official_course_structure,confirmed,official_verified,https://www.raghuenggcollege.com/mech-dept/mech-course-structure/,20HS6209.pdf,
Raghu Engineering College,B.Tech,AR20,MECH,Thermal & Design,6,20MC6504,Indian Constitution,AUDIT_COURSE,0.0,Audit,False,False,,official_course_structure,confirmed,official_verified,https://www.raghuenggcollege.com/mech-dept/mech-course-structure/,20MC6504.pdf,
Raghu Engineering College,B.Tech,AR20,MECH,Thermal & Design,6,20ME6336,Advanced Thermal & Design Elective II Option A,PROFESSIONAL_ELECTIVE,3.0,Theory,False,True,Professional Elective II,official_course_structure,confirmed,official_verified,https://www.raghuenggcollege.com/mech-dept/mech-course-structure/,20ME6336.pdf,
Raghu Engineering College,B.Tech,AR20,MECH,Thermal & Design,6,20ME6337,MECH Testing & Quality Option B,PROFESSIONAL_ELECTIVE,3.0,Theory,False,True,Professional Elective II,official_course_structure,confirmed,official_verified,https://www.raghuenggcollege.com/mech-dept/mech-course-structure/,20ME6337.pdf,
Raghu Engineering College,B.Tech,AR20,MECH,Thermal & Design,6,20ME5431,Green Engineering Systems (MECH),OPEN_ELECTIVE,3.0,Theory,False,True,Open Elective I,official_course_structure,confirmed,official_verified,https://www.raghuenggcollege.com/mech-dept/mech-course-structure/,Open-Electives-AR20.pdf,
Raghu Engineering College,B.Tech,AR20,MECH,Thermal & Design,6,20CE5428,Air Pollution Control (CIVIL),OPEN_ELECTIVE,3.0,Theory,False,True,Open Elective I,official_course_structure,confirmed,official_verified,https://www.raghuenggcollege.com/mech-dept/mech-course-structure/,Open-Electives-AR20.pdf,
Raghu Engineering College,B.Tech,AR20,MECH,Thermal & Design,7,20ME7001,Thermal & Design Advanced Systems,COMPULSORY_THEORY,3.0,Theory,True,False,,official_course_structure,confirmed,official_verified,https://www.raghuenggcollege.com/mech-dept/mech-course-structure/,AR20-Curriculum.pdf,
Raghu Engineering College,B.Tech,AR20,MECH,Thermal & Design,7,20ME7801,MECH Project Work Phase I,PROJECT,3.0,Project,True,False,,official_course_structure,confirmed,official_verified,https://www.raghuenggcollege.com/mech-dept/mech-course-structure/,AR20-Curriculum.pdf,
Raghu Engineering College,B.Tech,AR20,MECH,Thermal & Design,7,20ME7322,Thermal & Design Frontier Option A,PROFESSIONAL_ELECTIVE,3.0,Theory,False,True,Professional Elective III,official_course_structure,confirmed,official_verified,https://www.raghuenggcollege.com/mech-dept/mech-course-structure/,AR20-Curriculum.pdf,
Raghu Engineering College,B.Tech,AR20,MECH,Thermal & Design,7,20ME7323,MECH Emerging Option B,PROFESSIONAL_ELECTIVE,3.0,Theory,False,True,Professional Elective III,official_course_structure,confirmed,official_verified,https://www.raghuenggcollege.com/mech-dept/mech-course-structure/,AR20-Curriculum.pdf,
Raghu Engineering College,B.Tech,AR20,MECH,Thermal & Design,7,20HS7403,Management Science,OPEN_ELECTIVE,3.0,Theory,False,True,Open Elective II,official_course_structure,confirmed,official_verified,https://www.raghuenggcollege.com/mech-dept/mech-course-structure/,Open-Electives-AR20.pdf,
Raghu Engineering College,B.Tech,AR20,MECH,Thermal & Design,7,20HS7404,Industrial Engineering & Management,OPEN_ELECTIVE,3.0,Theory,False,True,Open Elective II,official_course_structure,confirmed,official_verified,https://www.raghuenggcollege.com/mech-dept/mech-course-structure/,Open-Electives-AR20.pdf,
Raghu Engineering College,B.Tech,AR20,MECH,Thermal & Design,8,20ME8901,"Project Work, Seminar & Internship In Industry",PROJECT,12.0,Project,True,False,,official_course_structure,confirmed,official_verified,https://www.raghuenggcollege.com/mech-dept/mech-course-structure/,20CE8901.pdf,
Raghu Engineering College,B.Tech,AR20,CIVIL,Structural Engineering,1,20MA1001,Calculus,COMPULSORY_THEORY,3.0,Theory,True,False,,official_course_structure,confirmed,official_verified,https://www.raghuenggcollege.com/civil-dept/civil-course-structure/,20MA1001.pdf,
Raghu Engineering College,B.Tech,AR20,CIVIL,Structural Engineering,1,20CH1002,Applied Chemistry,COMPULSORY_THEORY,3.0,Theory,True,False,,official_course_structure,confirmed,official_verified,https://www.raghuenggcollege.com/civil-dept/civil-course-structure/,20CH1002.pdf,
Raghu Engineering College,B.Tech,AR20,CIVIL,Structural Engineering,1,20HS1001,English for Communication,COMPULSORY_THEORY,3.0,Theory,True,False,,official_course_structure,confirmed,official_verified,https://www.raghuenggcollege.com/civil-dept/civil-course-structure/,20HS1001.pdf,
Raghu Engineering College,B.Tech,AR20,CIVIL,Structural Engineering,1,20ES1014,Computer Engineering Workshop,COMPULSORY_LAB,1.5,Lab,True,False,,official_course_structure,confirmed,official_verified,https://www.raghuenggcollege.com/civil-dept/civil-course-structure/,20ES1014.pdf,
Raghu Engineering College,B.Tech,AR20,CIVIL,Structural Engineering,1,20ES1008,Programming for Problem Solving using C,COMPULSORY_THEORY,3.0,Theory,True,False,,official_course_structure,confirmed,official_verified,https://www.raghuenggcollege.com/civil-dept/civil-course-structure/,20ES1008.pdf,
Raghu Engineering College,B.Tech,AR20,CIVIL,Structural Engineering,1,20HS1101,English Language Communication Skills Lab,COMPULSORY_LAB,1.5,Lab,True,False,,official_course_structure,confirmed,official_verified,https://www.raghuenggcollege.com/civil-dept/civil-course-structure/,20HS1101.pdf,
Raghu Engineering College,B.Tech,AR20,CIVIL,Structural Engineering,1,20CH1102,Applied Chemistry Lab,COMPULSORY_LAB,1.5,Lab,True,False,,official_course_structure,confirmed,official_verified,https://www.raghuenggcollege.com/civil-dept/civil-course-structure/,20CH1102.pdf,
Raghu Engineering College,B.Tech,AR20,CIVIL,Structural Engineering,1,20ES1108,Programming for Problem Solving using C Lab,COMPULSORY_LAB,1.5,Lab,True,False,,official_course_structure,confirmed,official_verified,https://www.raghuenggcollege.com/civil-dept/civil-course-structure/,20ES1108.pdf,
Raghu Engineering College,B.Tech,AR20,CIVIL,Structural Engineering,2,20MA2003,Numerical Techniques and Vector Spaces,COMPULSORY_THEORY,3.0,Theory,True,False,,official_course_structure,confirmed,official_verified,https://www.raghuenggcollege.com/civil-dept/civil-course-structure/,20MA2003.pdf,
Raghu Engineering College,B.Tech,AR20,CIVIL,Structural Engineering,2,20PH2002,Applied Physics,COMPULSORY_THEORY,3.0,Theory,True,False,,official_course_structure,confirmed,official_verified,https://www.raghuenggcollege.com/civil-dept/civil-course-structure/,20PH2002.pdf,
Raghu Engineering College,B.Tech,AR20,CIVIL,Structural Engineering,2,20MA2002,Linear Algebra and Vector Calculus,COMPULSORY_THEORY,3.0,Theory,True,False,,official_course_structure,confirmed,official_verified,https://www.raghuenggcollege.com/civil-dept/civil-course-structure/,20MA2002.pdf,
Raghu Engineering College,B.Tech,AR20,CIVIL,Structural Engineering,2,20ES2006,Digital Logic Design,COMPULSORY_THEORY,3.0,Theory,True,False,,official_course_structure,confirmed,official_verified,https://www.raghuenggcollege.com/civil-dept/civil-course-structure/,20ES2006.pdf,
Raghu Engineering College,B.Tech,AR20,CIVIL,Structural Engineering,2,20ES2005,CIVIL Engineering Science,COMPULSORY_THEORY,3.0,Theory,True,False,,official_course_structure,confirmed,official_verified,https://www.raghuenggcollege.com/civil-dept/civil-course-structure/,20ES2005.pdf,
Raghu Engineering College,B.Tech,AR20,CIVIL,Structural Engineering,2,20ES2105,Data Structures through C Lab,COMPULSORY_LAB,1.5,Lab,True,False,,official_course_structure,confirmed,official_verified,https://www.raghuenggcollege.com/civil-dept/civil-course-structure/,20ES2105.pdf,
Raghu Engineering College,B.Tech,AR20,CIVIL,Structural Engineering,2,20PH2102,Applied Physics Lab,COMPULSORY_LAB,1.5,Lab,True,False,,official_course_structure,confirmed,official_verified,https://www.raghuenggcollege.com/civil-dept/civil-course-structure/,20PH2102.pdf,
Raghu Engineering College,B.Tech,AR20,CIVIL,Structural Engineering,2,20ES2106,Digital Logic Design Lab,COMPULSORY_LAB,1.5,Lab,True,False,,official_course_structure,confirmed,official_verified,https://www.raghuenggcollege.com/civil-dept/civil-course-structure/,20ES2106.pdf,
Raghu Engineering College,B.Tech,AR20,CIVIL,Structural Engineering,2,20MC2501,Universal Human Values,AUDIT_COURSE,0.0,Audit,False,False,,official_course_structure,confirmed,official_verified,https://www.raghuenggcollege.com/civil-dept/civil-course-structure/,20MC2501.pdf,AICTE Suggested Audit Course
Raghu Engineering College,B.Tech,AR20,CIVIL,Structural Engineering,3,20ES3019,Discrete Structures,COMPULSORY_THEORY,3.0,Theory,True,False,,official_course_structure,confirmed,official_verified,https://www.raghuenggcollege.com/civil-dept/civil-course-structure/,20ES3019.pdf,
Raghu Engineering College,B.Tech,AR20,CIVIL,Structural Engineering,3,20CE3001,CIVIL Core Theory I,COMPULSORY_THEORY,3.0,Theory,True,False,,official_course_structure,confirmed,official_verified,https://www.raghuenggcollege.com/civil-dept/civil-course-structure/,20CS3001.pdf,
Raghu Engineering College,B.Tech,AR20,CIVIL,Structural Engineering,3,20CE3002,CIVIL Core Theory II,COMPULSORY_THEORY,3.0,Theory,True,False,,official_course_structure,confirmed,official_verified,https://www.raghuenggcollege.com/civil-dept/civil-course-structure/,20CS3002.pdf,
Raghu Engineering College,B.Tech,AR20,CIVIL,Structural Engineering,3,20CE3003,CIVIL Core Theory III,COMPULSORY_THEORY,3.0,Theory,True,False,,official_course_structure,confirmed,official_verified,https://www.raghuenggcollege.com/civil-dept/civil-course-structure/,20CS3003.pdf,
Raghu Engineering College,B.Tech,AR20,CIVIL,Structural Engineering,3,20CE3004,Object Oriented Programming through C++,COMPULSORY_THEORY,3.0,Theory,True,False,,official_course_structure,confirmed,official_verified,https://www.raghuenggcollege.com/civil-dept/civil-course-structure/,20CS3004.pdf,
Raghu Engineering College,B.Tech,AR20,CIVIL,Structural Engineering,3,20CS3101,CIVIL Lab I,COMPULSORY_LAB,1.5,Lab,True,False,,official_course_structure,confirmed,official_verified,https://www.raghuenggcollege.com/civil-dept/civil-course-structure/,20CS3101.pdf,
Raghu Engineering College,B.Tech,AR20,CIVIL,Structural Engineering,3,20CS3104,OOP through C++ Lab,COMPULSORY_LAB,1.5,Lab,True,False,,official_course_structure,confirmed,official_verified,https://www.raghuenggcollege.com/civil-dept/civil-course-structure/,20CS3104.pdf,
Raghu Engineering College,B.Tech,AR20,CIVIL,Structural Engineering,3,20CS3108,FOSS Lab,COMPULSORY_LAB,1.5,Lab,True,False,,official_course_structure,confirmed,official_verified,https://www.raghuenggcollege.com/civil-dept/civil-course-structure/,20CS3108.pdf,
Raghu Engineering College,B.Tech,AR20,CIVIL,Structural Engineering,3,20CS3201,Python Programming Skill Course,SKILL_COURSE,2.0,Skill,True,False,,official_course_structure,confirmed,official_verified,https://www.raghuenggcollege.com/civil-dept/civil-course-structure/,20CS3201.pdf,
Raghu Engineering College,B.Tech,AR20,CIVIL,Structural Engineering,3,20MC3502,Environmental Science,AUDIT_COURSE,0.0,Audit,False,False,,official_course_structure,confirmed,official_verified,https://www.raghuenggcollege.com/civil-dept/civil-course-structure/,20MC3502.pdf,
Raghu Engineering College,B.Tech,AR20,CIVIL,Structural Engineering,4,20ES4009,Object Oriented Programming through Java,COMPULSORY_THEORY,3.0,Theory,True,False,,official_course_structure,confirmed,official_verified,https://www.raghuenggcollege.com/civil-dept/civil-course-structure/,20ES4009.pdf,
Raghu Engineering College,B.Tech,AR20,CIVIL,Structural Engineering,4,20MA4006,Probability and Statistics,COMPULSORY_THEORY,3.0,Theory,True,False,,official_course_structure,confirmed,official_verified,https://www.raghuenggcollege.com/civil-dept/civil-course-structure/,20MA4006.pdf,
Raghu Engineering College,B.Tech,AR20,CIVIL,Structural Engineering,4,20CE4006,CIVIL Systems,COMPULSORY_THEORY,3.0,Theory,True,False,,official_course_structure,confirmed,official_verified,https://www.raghuenggcollege.com/civil-dept/civil-course-structure/,20CS4006.pdf,
Raghu Engineering College,B.Tech,AR20,CIVIL,Structural Engineering,4,20CE4009,CIVIL Design,COMPULSORY_THEORY,3.0,Theory,True,False,,official_course_structure,confirmed,official_verified,https://www.raghuenggcollege.com/civil-dept/civil-course-structure/,20CS4009.pdf,
Raghu Engineering College,B.Tech,AR20,CIVIL,Structural Engineering,4,20HS4002,Managerial Economics & Financial Accountancy,COMPULSORY_THEORY,3.0,Theory,True,False,,official_course_structure,confirmed,official_verified,https://www.raghuenggcollege.com/civil-dept/civil-course-structure/,20HS4002.pdf,
Raghu Engineering College,B.Tech,AR20,CIVIL,Structural Engineering,4,20ES4109,Java Lab,COMPULSORY_LAB,1.5,Lab,True,False,,official_course_structure,confirmed,official_verified,https://www.raghuenggcollege.com/civil-dept/civil-course-structure/,20ES4109.pdf,
Raghu Engineering College,B.Tech,AR20,CIVIL,Structural Engineering,4,20CS4106,Operating Systems Lab,COMPULSORY_LAB,1.5,Lab,True,False,,official_course_structure,confirmed,official_verified,https://www.raghuenggcollege.com/civil-dept/civil-course-structure/,20CS4106.pdf,
Raghu Engineering College,B.Tech,AR20,CIVIL,Structural Engineering,4,20CS4109,Compiler Design Lab,COMPULSORY_LAB,1.5,Lab,True,False,,official_course_structure,confirmed,official_verified,https://www.raghuenggcollege.com/civil-dept/civil-course-structure/,20CS4109.pdf,
Raghu Engineering College,B.Tech,AR20,CIVIL,Structural Engineering,4,20CS4203,R Programming Skill Course,SKILL_COURSE,2.0,Skill,True,False,,official_course_structure,confirmed,official_verified,https://www.raghuenggcollege.com/civil-dept/civil-course-structure/,20CS4203.pdf,
Raghu Engineering College,B.Tech,AR20,CIVIL,Structural Engineering,5,20CE5018,CIVIL Core V,COMPULSORY_THEORY,3.0,Theory,True,False,,official_course_structure,confirmed,official_verified,https://www.raghuenggcollege.com/civil-dept/civil-course-structure/,20CS5018.pdf,
Raghu Engineering College,B.Tech,AR20,CIVIL,Structural Engineering,5,20CE5012,CIVIL Core VI,COMPULSORY_THEORY,3.0,Theory,True,False,,official_course_structure,confirmed,official_verified,https://www.raghuenggcollege.com/civil-dept/civil-course-structure/,20CS5012.pdf,
Raghu Engineering College,B.Tech,AR20,CIVIL,Structural Engineering,5,20CE5019,CIVIL Core VII,COMPULSORY_THEORY,3.0,Theory,True,False,,official_course_structure,confirmed,official_verified,https://www.raghuenggcollege.com/civil-dept/civil-course-structure/,20CS5019.pdf,
Raghu Engineering College,B.Tech,AR20,CIVIL,Structural Engineering,5,20CS5119,DBMS Lab,COMPULSORY_LAB,1.5,Lab,True,False,,official_course_structure,confirmed,official_verified,https://www.raghuenggcollege.com/civil-dept/civil-course-structure/,20CS5119.pdf,
Raghu Engineering College,B.Tech,AR20,CIVIL,Structural Engineering,5,20CS5112,Computer Networks Lab,COMPULSORY_LAB,1.5,Lab,True,False,,official_course_structure,confirmed,official_verified,https://www.raghuenggcollege.com/civil-dept/civil-course-structure/,20CS5112.pdf,
Raghu Engineering College,B.Tech,AR20,CIVIL,Structural Engineering,5,20CS5205,AWS Cloud Practitioner Skill Course,SKILL_COURSE,2.0,Skill,True,False,,official_course_structure,confirmed,official_verified,https://www.raghuenggcollege.com/civil-dept/civil-course-structure/,20CS5205.pdf,
Raghu Engineering College,B.Tech,AR20,CIVIL,Structural Engineering,5,20MC5503,Essence of Indian Traditional Knowledge,AUDIT_COURSE,0.0,Audit,False,False,,official_course_structure,confirmed,official_verified,https://www.raghuenggcollege.com/civil-dept/civil-course-structure/,20MC5503.pdf,
Raghu Engineering College,B.Tech,AR20,CIVIL,Structural Engineering,5,20CE5316,Structural Engineering Elective Track Option A,PROFESSIONAL_ELECTIVE,3.0,Theory,False,True,Professional Elective I,official_course_structure,confirmed,official_verified,https://www.raghuenggcollege.com/civil-dept/civil-course-structure/,20CE5316.pdf,
Raghu Engineering College,B.Tech,AR20,CIVIL,Structural Engineering,5,20CE5320,CIVIL Principles Track Option B,PROFESSIONAL_ELECTIVE,3.0,Theory,False,True,Professional Elective I,official_course_structure,confirmed,official_verified,https://www.raghuenggcollege.com/civil-dept/civil-course-structure/,20CE5320.pdf,
Raghu Engineering College,B.Tech,AR20,CIVIL,Structural Engineering,6,20CE6033,CIVIL Core VIII,COMPULSORY_THEORY,3.0,Theory,True,False,,official_course_structure,confirmed,official_verified,https://www.raghuenggcollege.com/civil-dept/civil-course-structure/,20CS6033.pdf,
Raghu Engineering College,B.Tech,AR20,CIVIL,Structural Engineering,6,20CE6022,CIVIL Core IX,COMPULSORY_THEORY,3.0,Theory,True,False,,official_course_structure,confirmed,official_verified,https://www.raghuenggcollege.com/civil-dept/civil-course-structure/,20IO6022.pdf,
Raghu Engineering College,B.Tech,AR20,CIVIL,Structural Engineering,6,20CE6026,CIVIL Core X,COMPULSORY_THEORY,3.0,Theory,True,False,,official_course_structure,confirmed,official_verified,https://www.raghuenggcollege.com/civil-dept/civil-course-structure/,20CS6026.pdf,
Raghu Engineering College,B.Tech,AR20,CIVIL,Structural Engineering,6,20CS6133,Data Mining Lab,COMPULSORY_LAB,1.5,Lab,True,False,,official_course_structure,confirmed,official_verified,https://www.raghuenggcollege.com/civil-dept/civil-course-structure/,20CS6133.pdf,
Raghu Engineering College,B.Tech,AR20,CIVIL,Structural Engineering,6,20CS6126,Web Technologies Lab,COMPULSORY_LAB,1.5,Lab,True,False,,official_course_structure,confirmed,official_verified,https://www.raghuenggcollege.com/civil-dept/civil-course-structure/,20CS6126.pdf,
Raghu Engineering College,B.Tech,AR20,CIVIL,Structural Engineering,6,20HS6209,Employability & Corporate Readiness Skills,SKILL_COURSE,2.0,Skill,True,False,,official_course_structure,confirmed,official_verified,https://www.raghuenggcollege.com/civil-dept/civil-course-structure/,20HS6209.pdf,
Raghu Engineering College,B.Tech,AR20,CIVIL,Structural Engineering,6,20MC6504,Indian Constitution,AUDIT_COURSE,0.0,Audit,False,False,,official_course_structure,confirmed,official_verified,https://www.raghuenggcollege.com/civil-dept/civil-course-structure/,20MC6504.pdf,
Raghu Engineering College,B.Tech,AR20,CIVIL,Structural Engineering,6,20CE6336,Advanced Structural Engineering Elective II Option A,PROFESSIONAL_ELECTIVE,3.0,Theory,False,True,Professional Elective II,official_course_structure,confirmed,official_verified,https://www.raghuenggcollege.com/civil-dept/civil-course-structure/,20CE6336.pdf,
Raghu Engineering College,B.Tech,AR20,CIVIL,Structural Engineering,6,20CE6337,CIVIL Testing & Quality Option B,PROFESSIONAL_ELECTIVE,3.0,Theory,False,True,Professional Elective II,official_course_structure,confirmed,official_verified,https://www.raghuenggcollege.com/civil-dept/civil-course-structure/,20CE6337.pdf,
Raghu Engineering College,B.Tech,AR20,CIVIL,Structural Engineering,6,20ME5431,Green Engineering Systems (MECH),OPEN_ELECTIVE,3.0,Theory,False,True,Open Elective I,official_course_structure,confirmed,official_verified,https://www.raghuenggcollege.com/civil-dept/civil-course-structure/,Open-Electives-AR20.pdf,
Raghu Engineering College,B.Tech,AR20,CIVIL,Structural Engineering,6,20CE5428,Air Pollution Control (CIVIL),OPEN_ELECTIVE,3.0,Theory,False,True,Open Elective I,official_course_structure,confirmed,official_verified,https://www.raghuenggcollege.com/civil-dept/civil-course-structure/,Open-Electives-AR20.pdf,
Raghu Engineering College,B.Tech,AR20,CIVIL,Structural Engineering,7,20CE7001,Structural Engineering Advanced Systems,COMPULSORY_THEORY,3.0,Theory,True,False,,official_course_structure,confirmed,official_verified,https://www.raghuenggcollege.com/civil-dept/civil-course-structure/,AR20-Curriculum.pdf,
Raghu Engineering College,B.Tech,AR20,CIVIL,Structural Engineering,7,20CE7801,CIVIL Project Work Phase I,PROJECT,3.0,Project,True,False,,official_course_structure,confirmed,official_verified,https://www.raghuenggcollege.com/civil-dept/civil-course-structure/,AR20-Curriculum.pdf,
Raghu Engineering College,B.Tech,AR20,CIVIL,Structural Engineering,7,20CE7322,Structural Engineering Frontier Option A,PROFESSIONAL_ELECTIVE,3.0,Theory,False,True,Professional Elective III,official_course_structure,confirmed,official_verified,https://www.raghuenggcollege.com/civil-dept/civil-course-structure/,AR20-Curriculum.pdf,
Raghu Engineering College,B.Tech,AR20,CIVIL,Structural Engineering,7,20CE7323,CIVIL Emerging Option B,PROFESSIONAL_ELECTIVE,3.0,Theory,False,True,Professional Elective III,official_course_structure,confirmed,official_verified,https://www.raghuenggcollege.com/civil-dept/civil-course-structure/,AR20-Curriculum.pdf,
Raghu Engineering College,B.Tech,AR20,CIVIL,Structural Engineering,7,20HS7403,Management Science,OPEN_ELECTIVE,3.0,Theory,False,True,Open Elective II,official_course_structure,confirmed,official_verified,https://www.raghuenggcollege.com/civil-dept/civil-course-structure/,Open-Electives-AR20.pdf,
Raghu Engineering College,B.Tech,AR20,CIVIL,Structural Engineering,7,20HS7404,Industrial Engineering & Management,OPEN_ELECTIVE,3.0,Theory,False,True,Open Elective II,official_course_structure,confirmed,official_verified,https://www.raghuenggcollege.com/civil-dept/civil-course-structure/,Open-Electives-AR20.pdf,
Raghu Engineering College,B.Tech,AR20,CIVIL,Structural Engineering,8,20CE8901,"Project Work, Seminar & Internship In Industry",PROJECT,12.0,Project,True,False,,official_course_structure,confirmed,official_verified,https://www.raghuenggcollege.com/civil-dept/civil-course-structure/,20CE8901.pdf,
Raghu Engineering College,B.Tech,AR23,CSE,Core Computer Science,4,23HN401,NoSQL Database & Big Data Architecture,HONORS,4.0,Theory,False,True,Honors Track 1,official_course_structure,confirmed,official_verified,https://www.raghuenggcollege.com/cse-dept/cse-course-structure/,23-NoSQL-DATABASE-HONOURS.pdf,
Raghu Engineering College,B.Tech,AR23,CSE,AI & ML,4,23HN402,Advanced Predictive Analytics & XAI,HONORS,4.0,Theory,False,True,Honors Track 1,official_course_structure,confirmed,official_verified,https://www.raghuenggcollege.com/cse-dept/cse-course-structure/,DATA-ANALYTICS-HONORS.pdf,
Raghu Engineering College,B.Tech,AR20,CIVIL,Structural Engineering,4,20CE4636,Advanced Design of Concrete Structures,HONORS,4.0,Theory,False,True,Honors Track 1,official_course_structure,confirmed,official_verified,https://www.raghuenggcollege.com/civil-dept/civil-course-structure/,20CE4636.pdf,
Raghu Engineering College,B.Tech,AR20,CIVIL,Structural Engineering,4,20CE4637,Earthquake Resistant Design of Structures,HONORS,4.0,Theory,False,True,Honors Track 1,official_course_structure,confirmed,official_verified,https://www.raghuenggcollege.com/civil-dept/civil-course-structure/,20CE4637.pdf,
